scenario,id,true_class,pred_class,confidence,is_correct
original,glioma_001,0,2,0.43138912320137024,False
original,glioma_002,0,2,0.3413821756839752,False
original,glioma_003,0,0,0.3483899235725403,True
original,glioma_004,0,0,0.3167174756526947,True
original,glioma_005,0,1,0.31097307801246643,False
original,glioma_006,0,1,0.3500092029571533,False
original,glioma_007,0,2,0.32441455125808716,False
original,glioma_008,0,2,0.32119065523147583,False
original,glioma_009,0,2,0.3078595995903015,False
original,glioma_010,0,2,0.2797216475009918,False
original,glioma_011,0,2,0.43799516558647156,False
original,glioma_012,0,2,0.3030790388584137,False
original,glioma_013,0,2,0.3739258050918579,False
original,glioma_014,0,2,0.34689265489578247,False
original,glioma_015,0,2,0.32983919978141785,False
original,glioma_016,0,1,0.33433932065963745,False
original,glioma_017,0,2,0.4172340929508209,False
original,glioma_018,0,2,0.47799038887023926,False
original,glioma_019,0,1,0.3155074417591095,False
original,glioma_020,0,2,0.35978713631629944,False
original,glioma_021,0,0,0.34551459550857544,True
original,glioma_022,0,0,0.34843558073043823,True
original,glioma_023,0,2,0.29221606254577637,False
original,glioma_024,0,2,0.5062088966369629,False
original,glioma_025,0,3,0.3626709282398224,False
original,glioma_026,0,2,0.3679347038269043,False
original,glioma_027,0,2,0.3500978648662567,False
original,glioma_028,0,2,0.4570613503456116,False
original,glioma_029,0,2,0.4126377999782562,False
original,glioma_030,0,2,0.4282885193824768,False
original,glioma_031,0,2,0.3768797218799591,False
original,glioma_032,0,2,0.4134787321090698,False
original,glioma_033,0,3,0.2741691470146179,False
original,glioma_034,0,2,0.36303725838661194,False
original,glioma_035,0,3,0.28169670701026917,False
original,glioma_036,0,2,0.3845148980617523,False
original,glioma_037,0,3,0.3110607862472534,False
original,glioma_038,0,2,0.32745251059532166,False
original,glioma_039,0,2,0.4518158435821533,False
original,glioma_040,0,2,0.3537331521511078,False
original,glioma_041,0,3,0.32756805419921875,False
original,glioma_042,0,2,0.38259661197662354,False
original,glioma_043,0,2,0.400881826877594,False
original,glioma_044,0,2,0.34725913405418396,False
original,glioma_045,0,2,0.4566763639450073,False
original,glioma_046,0,0,0.33891892433166504,True
original,glioma_047,0,0,0.30799388885498047,True
original,glioma_048,0,0,0.3880516588687897,True
original,glioma_049,0,2,0.3857319951057434,False
original,glioma_050,0,2,0.32511574029922485,False
original,glioma_051,0,2,0.3742268681526184,False
original,glioma_052,0,2,0.32155829668045044,False
original,glioma_053,0,2,0.38764142990112305,False
original,glioma_054,0,0,0.35528564453125,True
original,glioma_055,0,2,0.29792240262031555,False
original,glioma_056,0,2,0.2778502404689789,False
original,glioma_057,0,2,0.36199891567230225,False
original,glioma_058,0,2,0.31835269927978516,False
original,glioma_059,0,2,0.3162093758583069,False
original,glioma_060,0,2,0.34032514691352844,False
original,glioma_061,0,2,0.30003800988197327,False
original,glioma_062,0,2,0.3879431188106537,False
original,glioma_063,0,2,0.3188968896865845,False
original,glioma_064,0,2,0.27895861864089966,False
original,glioma_065,0,2,0.3264474868774414,False
original,glioma_066,0,3,0.29598140716552734,False
original,glioma_067,0,0,0.3603845536708832,True
original,glioma_068,0,3,0.29560402035713196,False
original,glioma_069,0,2,0.3008216321468353,False
original,glioma_070,0,2,0.4038850665092468,False
original,glioma_071,0,2,0.36651623249053955,False
original,glioma_072,0,1,0.2650947570800781,False
original,glioma_073,0,2,0.3605475425720215,False
original,glioma_074,0,0,0.38594865798950195,True
original,glioma_075,0,2,0.33572694659233093,False
original,glioma_076,0,2,0.36823952198028564,False
original,glioma_077,0,0,0.3328109085559845,True
original,glioma_078,0,2,0.32121264934539795,False
original,glioma_079,0,2,0.31245243549346924,False
original,glioma_080,0,2,0.3474438488483429,False
original,glioma_081,0,3,0.33714380860328674,False
original,glioma_082,0,2,0.3868032991886139,False
original,glioma_083,0,0,0.28494948148727417,True
original,glioma_084,0,2,0.40115663409233093,False
original,glioma_085,0,2,0.3526510000228882,False
original,glioma_086,0,2,0.36877813935279846,False
original,glioma_087,0,3,0.33690765500068665,False
original,glioma_088,0,2,0.38993021845817566,False
original,glioma_089,0,3,0.2753877639770508,False
original,glioma_090,0,2,0.3046424984931946,False
original,glioma_091,0,2,0.35907983779907227,False
original,glioma_092,0,2,0.26064765453338623,False
original,glioma_093,0,0,0.3381863832473755,True
original,glioma_094,0,1,0.32032066583633423,False
original,glioma_095,0,0,0.32687950134277344,True
original,glioma_096,0,3,0.3590490221977234,False
original,glioma_097,0,1,0.3379529118537903,False
original,glioma_098,0,2,0.28511446714401245,False
original,glioma_099,0,2,0.3682765066623688,False
original,glioma_100,0,2,0.4481658935546875,False
original,meningioma_001,1,2,0.3459656834602356,False
original,meningioma_002,1,0,0.33245065808296204,False
original,meningioma_003,1,0,0.3017399311065674,False
original,meningioma_004,1,0,0.3814786970615387,False
original,meningioma_005,1,0,0.3192535638809204,False
original,meningioma_006,1,2,0.2688484787940979,False
original,meningioma_007,1,1,0.28366202116012573,True
original,meningioma_008,1,0,0.3148287534713745,False
original,meningioma_009,1,2,0.31572046875953674,False
original,meningioma_010,1,2,0.281719446182251,False
original,meningioma_011,1,2,0.29111769795417786,False
original,meningioma_012,1,1,0.3207250237464905,True
original,meningioma_013,1,0,0.2986919581890106,False
original,meningioma_014,1,2,0.3786715269088745,False
original,meningioma_015,1,2,0.2852546274662018,False
original,meningioma_016,1,0,0.3280439078807831,False
original,meningioma_017,1,3,0.35798439383506775,False
original,meningioma_018,1,0,0.3247365951538086,False
original,meningioma_019,1,1,0.33915072679519653,True
original,meningioma_020,1,2,0.35067713260650635,False
original,meningioma_021,1,0,0.2950473129749298,False
original,meningioma_022,1,2,0.2904781103134155,False
original,meningioma_023,1,1,0.3383345901966095,True
original,meningioma_024,1,2,0.4781131446361542,False
original,meningioma_025,1,2,0.4781131446361542,False
original,meningioma_026,1,2,0.3928004205226898,False
original,meningioma_027,1,2,0.3352070152759552,False
original,meningioma_028,1,2,0.3312695026397705,False
original,meningioma_029,1,2,0.367795467376709,False
original,meningioma_030,1,2,0.4806129038333893,False
original,meningioma_031,1,1,0.29106834530830383,True
original,meningioma_032,1,1,0.3536538779735565,True
original,meningioma_033,1,2,0.3250129818916321,False
original,meningioma_034,1,2,0.33952149748802185,False
original,meningioma_035,1,2,0.31855708360671997,False
original,meningioma_036,1,2,0.4466606676578522,False
original,meningioma_037,1,2,0.34470754861831665,False
original,meningioma_038,1,1,0.42402517795562744,True
original,meningioma_039,1,2,0.44380083680152893,False
original,meningioma_040,1,2,0.273263543844223,False
original,meningioma_041,1,0,0.3858751952648163,False
original,meningioma_042,1,1,0.2803422510623932,True
original,meningioma_043,1,0,0.3022443354129791,False
original,meningioma_044,1,2,0.41624802350997925,False
original,meningioma_045,1,0,0.3702876567840576,False
original,meningioma_046,1,1,0.3205318748950958,True
original,meningioma_047,1,2,0.2840595841407776,False
original,meningioma_048,1,0,0.3787485659122467,False
original,meningioma_049,1,3,0.33396053314208984,False
original,meningioma_050,1,1,0.3299815058708191,True
original,meningioma_051,1,2,0.48393574357032776,False
original,meningioma_052,1,0,0.35787683725357056,False
original,meningioma_053,1,1,0.3366597890853882,True
original,meningioma_054,1,1,0.3298109173774719,True
original,meningioma_055,1,0,0.2761022448539734,False
original,meningioma_056,1,2,0.32513323426246643,False
original,meningioma_057,1,1,0.31979623436927795,True
original,meningioma_058,1,2,0.3893492817878723,False
original,meningioma_059,1,2,0.28021544218063354,False
original,meningioma_060,1,0,0.2891695201396942,False
original,meningioma_061,1,0,0.3366464376449585,False
original,meningioma_062,1,0,0.3874673545360565,False
original,meningioma_063,1,0,0.3270815908908844,False
original,meningioma_064,1,1,0.3389657139778137,True
original,meningioma_065,1,1,0.3766433298587799,True
original,meningioma_066,1,1,0.40695780515670776,True
original,meningioma_067,1,2,0.2989216446876526,False
original,meningioma_068,1,0,0.4036964774131775,False
original,meningioma_069,1,2,0.422893762588501,False
original,meningioma_070,1,2,0.3331945538520813,False
original,meningioma_071,1,2,0.3133501410484314,False
original,meningioma_072,1,3,0.32194358110427856,False
original,meningioma_073,1,0,0.3633787930011749,False
original,meningioma_074,1,1,0.4759100675582886,True
original,meningioma_075,1,3,0.3151605427265167,False
original,meningioma_076,1,1,0.34181246161460876,True
original,meningioma_077,1,3,0.3119591474533081,False
original,meningioma_078,1,2,0.32017865777015686,False
original,meningioma_079,1,2,0.367795467376709,False
original,meningioma_080,1,0,0.3087276816368103,False
original,meningioma_081,1,1,0.289448618888855,True
original,meningioma_082,1,0,0.3710958957672119,False
original,meningioma_083,1,2,0.31693875789642334,False
original,meningioma_084,1,2,0.30939340591430664,False
original,meningioma_085,1,1,0.3115183413028717,True
original,meningioma_086,1,2,0.3046274483203888,False
original,meningioma_087,1,2,0.3431614339351654,False
original,meningioma_088,1,2,0.3184041380882263,False
original,meningioma_089,1,0,0.30216971039772034,False
original,meningioma_090,1,2,0.29434123635292053,False
original,meningioma_091,1,0,0.34502482414245605,False
original,meningioma_092,1,1,0.4052862226963043,True
original,meningioma_093,1,2,0.4329802989959717,False
original,meningioma_094,1,2,0.36439085006713867,False
original,meningioma_095,1,3,0.38177353143692017,False
original,meningioma_096,1,3,0.4036928415298462,False
original,meningioma_097,1,2,0.2852546274662018,False
original,meningioma_098,1,0,0.2647804617881775,False
original,meningioma_099,1,1,0.30781984329223633,True
original,meningioma_100,1,1,0.2742074728012085,True
original,normal_001,2,2,0.3053007125854492,True
original,normal_002,2,2,0.3402935862541199,True
original,normal_003,2,0,0.37492281198501587,False
original,normal_004,2,0,0.27616775035858154,False
original,normal_005,2,2,0.33676964044570923,True
original,normal_006,2,0,0.3669610619544983,False
original,normal_007,2,2,0.3290528655052185,True
original,normal_008,2,0,0.3275749683380127,False
original,normal_009,2,2,0.4024500250816345,True
original,normal_010,2,2,0.34663182497024536,True
original,normal_011,2,2,0.3371850550174713,True
original,normal_012,2,3,0.34146055579185486,False
original,normal_013,2,0,0.37173837423324585,False
original,normal_014,2,3,0.290959894657135,False
original,normal_015,2,2,0.37082260847091675,True
original,normal_016,2,2,0.33258137106895447,True
original,normal_017,2,0,0.2989732325077057,False
original,normal_018,2,2,0.418234258890152,True
original,normal_019,2,1,0.3204542100429535,False
original,normal_020,2,0,0.3250385820865631,False
original,normal_021,2,0,0.3792475163936615,False
original,normal_022,2,2,0.3375418484210968,True
original,normal_023,2,2,0.34418079257011414,True
original,normal_024,2,2,0.3226061165332794,True
original,normal_025,2,3,0.3111409544944763,False
original,normal_026,2,2,0.37918779253959656,True
original,normal_027,2,2,0.36471322178840637,True
original,normal_028,2,1,0.3669906556606293,False
original,normal_029,2,0,0.43578121066093445,False
original,normal_030,2,2,0.35278138518333435,True
original,normal_031,2,2,0.3087070882320404,True
original,normal_032,2,2,0.3229799270629883,True
original,normal_033,2,0,0.3347564935684204,False
original,normal_034,2,1,0.29909637570381165,False
original,normal_035,2,1,0.2730991542339325,False
original,normal_036,2,2,0.4167804718017578,True
original,normal_037,2,2,0.3114818334579468,True
original,normal_038,2,2,0.357372522354126,True
original,normal_039,2,2,0.3874427080154419,True
original,normal_040,2,0,0.3568124771118164,False
original,normal_041,2,0,0.30714643001556396,False
original,normal_042,2,1,0.2834239602088928,False
original,normal_043,2,0,0.3244470953941345,False
original,normal_044,2,2,0.35334286093711853,True
original,normal_045,2,2,0.3232632279396057,True
original,normal_046,2,2,0.37517714500427246,True
original,normal_047,2,1,0.3014611601829529,False
original,normal_048,2,2,0.3321049213409424,True
original,normal_049,2,0,0.3538355827331543,False
original,normal_050,2,2,0.33778586983680725,True
original,normal_051,2,0,0.3568911552429199,False
original,normal_052,2,2,0.33688056468963623,True
original,normal_053,2,2,0.4288536310195923,True
original,normal_054,2,0,0.286676287651062,False
original,normal_055,2,0,0.32226166129112244,False
original,normal_056,2,0,0.3294157385826111,False
original,normal_057,2,0,0.33164533972740173,False
original,normal_058,2,2,0.33652612566947937,True
original,normal_059,2,2,0.3394951820373535,True
original,normal_060,2,0,0.30879276990890503,False
original,normal_061,2,0,0.3462326228618622,False
original,normal_062,2,2,0.2877192497253418,True
original,normal_063,2,2,0.31395459175109863,True
original,normal_064,2,0,0.3088417053222656,False
original,normal_065,2,0,0.3094448447227478,False
original,normal_066,2,0,0.3553087115287781,False
original,normal_067,2,0,0.3420819342136383,False
original,normal_068,2,0,0.3386097848415375,False
original,normal_069,2,2,0.30630922317504883,True
original,normal_070,2,1,0.37954607605934143,False
original,normal_071,2,0,0.3153831660747528,False
original,normal_072,2,0,0.34103864431381226,False
original,normal_073,2,2,0.36833375692367554,True
original,normal_074,2,2,0.37690213322639465,True
original,normal_075,2,0,0.3444005250930786,False
original,normal_076,2,2,0.33265358209609985,True
original,normal_077,2,3,0.27523916959762573,False
original,normal_078,2,3,0.3289780616760254,False
original,normal_079,2,0,0.2796088457107544,False
original,normal_080,2,2,0.3894972503185272,True
original,normal_081,2,0,0.4158366024494171,False
original,normal_082,2,1,0.33471593260765076,False
original,normal_083,2,1,0.29909637570381165,False
original,normal_084,2,3,0.3168761432170868,False
original,normal_085,2,2,0.3053007125854492,True
original,normal_086,2,2,0.3462638258934021,True
original,normal_087,2,0,0.26783546805381775,False
original,normal_088,2,2,0.33778586983680725,True
original,normal_089,2,0,0.3152729570865631,False
original,normal_090,2,2,0.3402935862541199,True
original,normal_091,2,2,0.34663182497024536,True
original,normal_092,2,1,0.3204542100429535,False
original,normal_093,2,3,0.2863295078277588,False
original,normal_094,2,2,0.3495444059371948,True
original,normal_095,2,0,0.38030189275741577,False
original,normal_096,2,2,0.28892743587493896,True
original,normal_097,2,1,0.3267042338848114,False
original,normal_098,2,2,0.3320286273956299,True
original,normal_099,2,1,0.39081740379333496,False
original,normal_100,2,2,0.37894633412361145,True
original,normal_101,2,2,0.36471322178840637,True
original,normal_102,2,0,0.4817168712615967,False
original,normal_103,2,1,0.39088571071624756,False
original,normal_104,2,2,0.3426993787288666,True
original,normal_105,2,1,0.31252968311309814,False
original,normal_106,2,0,0.3995719254016876,False
original,normal_107,2,2,0.3734564185142517,True
original,normal_108,2,2,0.3088526427745819,True
original,normal_109,2,3,0.2679458260536194,False
original,normal_110,2,1,0.33606648445129395,False
original,normal_111,2,2,0.32488054037094116,True
original,normal_112,2,2,0.31730854511260986,True
original,normal_113,2,0,0.32226166129112244,False
original,normal_114,2,0,0.3153831660747528,False
original,normal_115,2,1,0.34198400378227234,False
original,normal_116,2,0,0.3125734329223633,False
original,normal_117,2,2,0.3132016062736511,True
original,normal_118,2,0,0.34474730491638184,False
original,normal_119,2,0,0.40476205945014954,False
original,normal_120,2,1,0.34198400378227234,False
original,normal_121,2,2,0.44468122720718384,True
original,normal_122,2,2,0.3846878409385681,True
original,normal_123,2,2,0.39035409688949585,True
original,normal_124,2,2,0.35690414905548096,True
original,normal_125,2,0,0.3310186266899109,False
original,normal_126,2,0,0.2865033447742462,False
original,normal_127,2,0,0.4158366024494171,False
original,normal_128,2,0,0.3152729570865631,False
original,normal_129,2,0,0.350373774766922,False
original,normal_130,2,2,0.28462329506874084,True
original,normal_131,2,2,0.38015368580818176,True
original,normal_132,2,3,0.34847021102905273,False
original,normal_133,2,2,0.37794554233551025,True
original,normal_134,2,0,0.2791616916656494,False
original,normal_135,2,2,0.2820737063884735,True
original,normal_136,2,2,0.34698742628097534,True
original,normal_137,2,2,0.33787697553634644,True
original,normal_138,2,2,0.33035552501678467,True
original,normal_139,2,2,0.3309919238090515,True
original,normal_140,2,0,0.30435821413993835,False
original,normal_141,2,2,0.31047865748405457,True
original,normal_142,2,0,0.341828316450119,False
original,normal_143,2,2,0.3013475835323334,True
original,normal_144,2,2,0.4711367189884186,True
original,normal_145,2,2,0.40266889333724976,True
original,normal_146,2,2,0.3859362304210663,True
original,normal_147,2,2,0.4049840569496155,True
original,normal_148,2,2,0.374242901802063,True
original,normal_149,2,2,0.4263937175273895,True
original,normal_150,2,0,0.3183899521827698,False
original,normal_151,2,2,0.4049840569496155,True
original,normal_152,2,2,0.3859362304210663,True
original,normal_153,2,2,0.374242901802063,True
original,normal_154,2,2,0.36905691027641296,True
original,normal_155,2,2,0.4717138409614563,True
original,normal_156,2,2,0.3121468126773834,True
original,normal_157,2,2,0.42619210481643677,True
original,normal_158,2,2,0.40266889333724976,True
original,normal_159,2,2,0.38522106409072876,True
original,normal_160,2,2,0.32342392206192017,True
original,normal_161,2,2,0.40266889333724976,True
original,normal_162,2,2,0.3957277238368988,True
original,normal_163,2,2,0.3717383146286011,True
original,normal_164,2,1,0.4714437425136566,False
original,normal_165,2,2,0.3859362304210663,True
original,normal_166,2,2,0.3121468126773834,True
original,normal_167,2,2,0.3273220360279083,True
original,normal_168,2,0,0.2733299732208252,False
original,normal_169,2,0,0.3616890013217926,False
original,normal_170,2,0,0.3568911552429199,False
original,normal_171,2,3,0.3562984764575958,False
original,normal_172,2,0,0.33071988821029663,False
original,normal_173,2,0,0.33071988821029663,False
original,normal_174,2,2,0.3928060829639435,True
original,normal_175,2,2,0.337668240070343,True
original,normal_176,2,2,0.3998839259147644,True
original,normal_177,2,2,0.3205963671207428,True
original,normal_178,2,2,0.3644542992115021,True
original,normal_179,2,0,0.33071988821029663,False
original,normal_180,2,2,0.33000025153160095,True
original,normal_181,2,2,0.3344839811325073,True
original,normal_182,2,2,0.3473591208457947,True
original,normal_183,2,0,0.3222370147705078,False
original,normal_184,2,2,0.31458809971809387,True
original,normal_185,2,1,0.28241053223609924,False
original,normal_186,2,0,0.2998172640800476,False
original,normal_187,2,2,0.33305656909942627,True
original,normal_188,2,2,0.2948329746723175,True
original,normal_189,2,1,0.3237560987472534,False
original,normal_190,2,2,0.27525150775909424,True
original,normal_191,2,2,0.33000025153160095,True
original,normal_192,2,2,0.2746095061302185,True
original,normal_193,2,0,0.29451653361320496,False
original,normal_194,2,2,0.3258054554462433,True
original,normal_195,2,2,0.38412582874298096,True
original,normal_196,2,2,0.3147825300693512,True
original,normal_197,2,2,0.40990397334098816,True
original,normal_198,2,2,0.34802713990211487,True
original,normal_199,2,0,0.34624236822128296,False
original,normal_200,2,0,0.3312896192073822,False
original,normal_201,2,2,0.3499853014945984,True
original,normal_202,2,2,0.45804736018180847,True
original,normal_203,2,2,0.337668240070343,True
original,normal_204,2,2,0.36131560802459717,True
original,normal_205,2,2,0.4083511531352997,True
original,normal_206,2,0,0.2920074164867401,False
original,normal_207,2,2,0.3934387266635895,True
original,normal_208,2,0,0.2920074164867401,False
original,normal_209,2,2,0.38304761052131653,True
original,normal_210,2,1,0.28701353073120117,False
original,normal_211,2,0,0.42391589283943176,False
original,normal_212,2,2,0.35087457299232483,True
original,normal_213,2,1,0.32119572162628174,False
original,normal_214,2,2,0.4565616548061371,True
original,normal_215,2,1,0.32615959644317627,False
original,normal_216,2,0,0.28456011414527893,False
original,normal_217,2,2,0.33366772532463074,True
original,normal_218,2,2,0.3670235574245453,True
original,normal_219,2,2,0.41435274481773376,True
original,normal_220,2,0,0.40513041615486145,False
original,normal_221,2,0,0.3427673876285553,False
original,normal_222,2,1,0.3432217538356781,False
original,normal_223,2,0,0.30113524198532104,False
original,normal_224,2,1,0.4624958336353302,False
original,normal_225,2,2,0.2757485508918762,True
original,normal_226,2,2,0.32718199491500854,True
original,normal_227,2,2,0.3456956446170807,True
original,normal_228,2,0,0.3380403220653534,False
original,normal_229,2,2,0.40673333406448364,True
original,normal_230,2,2,0.35040491819381714,True
original,normal_231,2,1,0.2766385078430176,False
original,normal_232,2,2,0.393505334854126,True
original,normal_233,2,0,0.2937178611755371,False
original,normal_234,2,2,0.356388658285141,True
original,normal_235,2,1,0.29873642325401306,False
original,normal_236,2,2,0.307310551404953,True
original,normal_237,2,1,0.49922990798950195,False
original,normal_238,2,0,0.29658085107803345,False
original,normal_239,2,0,0.27882054448127747,False
original,normal_240,2,0,0.32443276047706604,False
original,normal_241,2,2,0.4345029592514038,True
original,normal_242,2,0,0.33248311281204224,False
original,normal_243,2,0,0.3242700695991516,False
original,normal_244,2,1,0.32454293966293335,False
original,normal_245,2,2,0.3134649991989136,True
original,normal_246,2,0,0.32989442348480225,False
original,normal_247,2,1,0.3572172522544861,False
original,normal_248,2,0,0.30879276990890503,False
original,normal_249,2,1,0.3585743010044098,False
original,normal_250,2,0,0.4510793089866638,False
original,normal_251,2,2,0.294312983751297,True
original,normal_252,2,1,0.27495887875556946,False
original,normal_253,2,2,0.2998560667037964,True
original,normal_254,2,0,0.40939003229141235,False
original,normal_255,2,1,0.3143743574619293,False
original,normal_256,2,2,0.3719256818294525,True
original,normal_257,2,2,0.40939050912857056,True
original,normal_258,2,0,0.4028566777706146,False
original,normal_259,2,1,0.38734689354896545,False
original,normal_260,2,0,0.3205361068248749,False
original,normal_261,2,2,0.3125613331794739,True
original,normal_262,2,0,0.35531356930732727,False
original,normal_263,2,2,0.38045382499694824,True
original,normal_264,2,0,0.41466259956359863,False
original,normal_265,2,2,0.2877192497253418,True
original,normal_266,2,2,0.4012545347213745,True
original,normal_267,2,2,0.28475895524024963,True
original,normal_268,2,2,0.4826982319355011,True
original,normal_269,2,1,0.3682643473148346,False
original,normal_270,2,2,0.3894972503185272,True
original,normal_271,2,0,0.35547080636024475,False
original,normal_272,2,0,0.3293236196041107,False
original,normal_273,2,0,0.3088417053222656,False
original,normal_274,2,0,0.33807599544525146,False
original,normal_275,2,0,0.3444005250930786,False
original,normal_276,2,2,0.3841352164745331,True
original,normal_277,2,0,0.3207465708255768,False
original,normal_278,2,0,0.31701233983039856,False
original,normal_279,2,2,0.3134649991989136,True
original,normal_280,2,0,0.32989442348480225,False
original,normal_281,2,0,0.38295984268188477,False
original,normal_282,2,2,0.32342392206192017,True
original,normal_283,2,2,0.33676964044570923,True
original,normal_284,2,2,0.33265358209609985,True
original,normal_285,2,0,0.3451821804046631,False
original,normal_286,2,2,0.3744974434375763,True
original,normal_287,2,2,0.35188978910446167,True
original,normal_288,2,0,0.33653008937835693,False
original,normal_289,2,3,0.2973380386829376,False
original,normal_290,2,0,0.3524746596813202,False
original,normal_291,2,0,0.28354108333587646,False
original,normal_292,2,1,0.3572172522544861,False
original,normal_293,2,0,0.3324708640575409,False
original,normal_294,2,3,0.27523916959762573,False
original,normal_295,2,3,0.2687579095363617,False
original,normal_296,2,2,0.39360782504081726,True
original,normal_297,2,2,0.3452860116958618,True
original,normal_298,2,0,0.3634055554866791,False
original,normal_299,2,2,0.3442912697792053,True
original,normal_300,2,0,0.34841662645339966,False
original,pituitary_001,3,2,0.3403424620628357,False
original,pituitary_002,3,3,0.2977055013179779,True
original,pituitary_003,3,0,0.3105749487876892,False
original,pituitary_004,3,3,0.38565346598625183,True
original,pituitary_005,3,2,0.32252249121665955,False
original,pituitary_006,3,0,0.3028531074523926,False
original,pituitary_007,3,2,0.37494224309921265,False
original,pituitary_008,3,2,0.3385545611381531,False
original,pituitary_009,3,1,0.3226143419742584,False
original,pituitary_010,3,2,0.46330901980400085,False
original,pituitary_011,3,2,0.3833100497722626,False
original,pituitary_012,3,2,0.34687063097953796,False
original,pituitary_013,3,0,0.3424415588378906,False
original,pituitary_014,3,0,0.32198381423950195,False
original,pituitary_015,3,0,0.3480032980442047,False
original,pituitary_016,3,2,0.3943728506565094,False
original,pituitary_017,3,0,0.3211438059806824,False
original,pituitary_018,3,2,0.31346023082733154,False
original,pituitary_019,3,0,0.32979699969291687,False
original,pituitary_020,3,0,0.35634228587150574,False
original,pituitary_021,3,0,0.33625438809394836,False
original,pituitary_022,3,2,0.4219696521759033,False
original,pituitary_023,3,0,0.3290516436100006,False
original,pituitary_024,3,2,0.30535683035850525,False
original,pituitary_025,3,0,0.43898728489875793,False
original,pituitary_026,3,0,0.3001483380794525,False
original,pituitary_027,3,2,0.3878774344921112,False
original,pituitary_028,3,0,0.3087339699268341,False
original,pituitary_029,3,2,0.39101749658584595,False
original,pituitary_030,3,0,0.37691789865493774,False
original,pituitary_031,3,0,0.42012399435043335,False
original,pituitary_032,3,0,0.3842250406742096,False
original,pituitary_033,3,2,0.3464641571044922,False
original,pituitary_034,3,2,0.34076887369155884,False
original,pituitary_035,3,2,0.4257936179637909,False
original,pituitary_036,3,2,0.481525182723999,False
original,pituitary_037,3,2,0.468620240688324,False
original,pituitary_038,3,0,0.32844632863998413,False
original,pituitary_039,3,2,0.46719008684158325,False
original,pituitary_040,3,2,0.40459635853767395,False
original,pituitary_041,3,0,0.2751571536064148,False
original,pituitary_042,3,2,0.3363122344017029,False
original,pituitary_043,3,2,0.4185260832309723,False
original,pituitary_044,3,1,0.29913392663002014,False
original,pituitary_045,3,0,0.3013346791267395,False
original,pituitary_046,3,3,0.30844807624816895,True
original,pituitary_047,3,2,0.33353015780448914,False
original,pituitary_048,3,2,0.33890265226364136,False
original,pituitary_049,3,2,0.3340770900249481,False
original,pituitary_050,3,2,0.3946872353553772,False
original,pituitary_051,3,0,0.3222217559814453,False
original,pituitary_052,3,0,0.29273414611816406,False
original,pituitary_053,3,0,0.3730815351009369,False
original,pituitary_054,3,1,0.2708972990512848,False
original,pituitary_055,3,2,0.34042346477508545,False
original,pituitary_056,3,0,0.3750237822532654,False
original,pituitary_057,3,2,0.3526340425014496,False
original,pituitary_058,3,0,0.34274423122406006,False
original,pituitary_059,3,0,0.43299371004104614,False
original,pituitary_060,3,2,0.3521491289138794,False
original,pituitary_061,3,2,0.3359712064266205,False
original,pituitary_062,3,2,0.32750415802001953,False
original,pituitary_063,3,2,0.390830397605896,False
original,pituitary_064,3,3,0.3438592851161957,True
original,pituitary_065,3,0,0.3056349754333496,False
original,pituitary_066,3,0,0.34303802251815796,False
original,pituitary_067,3,2,0.36495324969291687,False
original,pituitary_068,3,0,0.35434526205062866,False
original,pituitary_069,3,0,0.3433188199996948,False
original,pituitary_070,3,2,0.3221411406993866,False
original,pituitary_071,3,2,0.31096452474594116,False
original,pituitary_072,3,2,0.3776088356971741,False
original,pituitary_073,3,2,0.3915232717990875,False
original,pituitary_074,3,2,0.362737238407135,False
original,pituitary_075,3,2,0.36563941836357117,False
original,pituitary_076,3,2,0.4083718955516815,False
original,pituitary_077,3,2,0.3436157703399658,False
original,pituitary_078,3,2,0.4173681437969208,False
original,pituitary_079,3,0,0.3205561339855194,False
original,pituitary_080,3,2,0.39494219422340393,False
original,pituitary_081,3,2,0.3679996132850647,False
original,pituitary_082,3,0,0.3191896080970764,False
original,pituitary_083,3,2,0.3327292799949646,False
original,pituitary_084,3,2,0.37693628668785095,False
original,pituitary_085,3,2,0.3597351312637329,False
original,pituitary_086,3,0,0.3163490295410156,False
original,pituitary_087,3,2,0.3101848363876343,False
original,pituitary_088,3,0,0.42055854201316833,False
original,pituitary_089,3,2,0.3611924648284912,False
original,pituitary_090,3,1,0.31603872776031494,False
original,pituitary_091,3,2,0.31668326258659363,False
original,pituitary_092,3,2,0.3530714511871338,False
original,pituitary_093,3,0,0.29995355010032654,False
original,pituitary_094,3,0,0.3657640516757965,False
original,pituitary_095,3,2,0.4364667534828186,False
original,pituitary_096,3,2,0.32542702555656433,False
original,pituitary_097,3,2,0.4552842080593109,False
original,pituitary_098,3,2,0.3898647725582123,False
original,pituitary_099,3,3,0.325344979763031,True
original,pituitary_100,3,0,0.34309816360473633,False
injection,glioma_001,0,2,0.4201427102088928,False
injection,glioma_002,0,2,0.34815311431884766,False
injection,glioma_003,0,0,0.33838939666748047,True
injection,glioma_004,0,2,0.3806876838207245,False
injection,glioma_005,0,0,0.3161749243736267,True
injection,glioma_006,0,2,0.3546966314315796,False
injection,glioma_007,0,2,0.34634560346603394,False
injection,glioma_008,0,0,0.3481699228286743,True
injection,glioma_009,0,2,0.37187114357948303,False
injection,glioma_010,0,0,0.3324717581272125,True
injection,glioma_011,0,2,0.42754441499710083,False
injection,glioma_012,0,2,0.3306930661201477,False
injection,glioma_013,0,2,0.4016096591949463,False
injection,glioma_014,0,2,0.39009615778923035,False
injection,glioma_015,0,2,0.3760423958301544,False
injection,glioma_016,0,1,0.3207143545150757,False
injection,glioma_017,0,2,0.34843912720680237,False
injection,glioma_018,0,2,0.43174052238464355,False
injection,glioma_019,0,0,0.40723660588264465,True
injection,glioma_020,0,2,0.4074264466762543,False
injection,glioma_021,0,2,0.37040993571281433,False
injection,glioma_022,0,2,0.3166756331920624,False
injection,glioma_023,0,2,0.31259527802467346,False
injection,glioma_024,0,2,0.5157254934310913,False
injection,glioma_025,0,2,0.28029200434684753,False
injection,glioma_026,0,2,0.43252286314964294,False
injection,glioma_027,0,2,0.4048459827899933,False
injection,glioma_028,0,2,0.4192171096801758,False
injection,glioma_029,0,2,0.38545525074005127,False
injection,glioma_030,0,2,0.4810105264186859,False
injection,glioma_031,0,2,0.3980938196182251,False
injection,glioma_032,0,2,0.37735164165496826,False
injection,glioma_033,0,2,0.32416921854019165,False
injection,glioma_034,0,2,0.4257904291152954,False
injection,glioma_035,0,2,0.35892245173454285,False
injection,glioma_036,0,2,0.4523453116416931,False
injection,glioma_037,0,2,0.34358230233192444,False
injection,glioma_038,0,2,0.4059186577796936,False
injection,glioma_039,0,2,0.4901687502861023,False
injection,glioma_040,0,2,0.4365021884441376,False
injection,glioma_041,0,2,0.29309943318367004,False
injection,glioma_042,0,2,0.45546263456344604,False
injection,glioma_043,0,2,0.4025218188762665,False
injection,glioma_044,0,2,0.4446852207183838,False
injection,glioma_045,0,2,0.5174213647842407,False
injection,glioma_046,0,2,0.41813236474990845,False
injection,glioma_047,0,2,0.32756027579307556,False
injection,glioma_048,0,2,0.32784295082092285,False
injection,glioma_049,0,2,0.47000789642333984,False
injection,glioma_050,0,2,0.441541463136673,False
injection,glioma_051,0,2,0.43794405460357666,False
injection,glioma_052,0,2,0.35282668471336365,False
injection,glioma_053,0,2,0.44674205780029297,False
injection,glioma_054,0,0,0.33354848623275757,True
injection,glioma_055,0,2,0.29772135615348816,False
injection,glioma_056,0,2,0.4315340220928192,False
injection,glioma_057,0,2,0.4229596257209778,False
injection,glioma_058,0,2,0.43452683091163635,False
injection,glioma_059,0,2,0.32990264892578125,False
injection,glioma_060,0,2,0.4493308663368225,False
injection,glioma_061,0,2,0.3507768511772156,False
injection,glioma_062,0,2,0.42402976751327515,False
injection,glioma_063,0,2,0.3318590223789215,False
injection,glioma_064,0,2,0.314077228307724,False
injection,glioma_065,0,2,0.47230207920074463,False
injection,glioma_066,0,2,0.371689110994339,False
injection,glioma_067,0,2,0.3617786169052124,False
injection,glioma_068,0,2,0.4049024283885956,False
injection,glioma_069,0,2,0.3585747480392456,False
injection,glioma_070,0,2,0.45510751008987427,False
injection,glioma_071,0,2,0.4065404236316681,False
injection,glioma_072,0,2,0.3370835483074188,False
injection,glioma_073,0,2,0.3264125883579254,False
injection,glioma_074,0,2,0.43446433544158936,False
injection,glioma_075,0,2,0.35189294815063477,False
injection,glioma_076,0,2,0.4237609803676605,False
injection,glioma_077,0,2,0.4368906617164612,False
injection,glioma_078,0,2,0.4040980339050293,False
injection,glioma_079,0,2,0.3642052710056305,False
injection,glioma_080,0,2,0.4007594585418701,False
injection,glioma_081,0,2,0.39042365550994873,False
injection,glioma_082,0,2,0.4013622999191284,False
injection,glioma_083,0,2,0.37783440947532654,False
injection,glioma_084,0,2,0.44143441319465637,False
injection,glioma_085,0,2,0.4633776843547821,False
injection,glioma_086,0,2,0.4609178602695465,False
injection,glioma_087,0,2,0.33769288659095764,False
injection,glioma_088,0,2,0.463497519493103,False
injection,glioma_089,0,2,0.2808506488800049,False
injection,glioma_090,0,2,0.35938987135887146,False
injection,glioma_091,0,2,0.35920119285583496,False
injection,glioma_092,0,2,0.3412574827671051,False
injection,glioma_093,0,2,0.391911119222641,False
injection,glioma_094,0,1,0.2725409269332886,False
injection,glioma_095,0,2,0.3413883447647095,False
injection,glioma_096,0,2,0.2944510877132416,False
injection,glioma_097,0,2,0.3559767007827759,False
injection,glioma_098,0,2,0.3527723550796509,False
injection,glioma_099,0,2,0.3718562722206116,False
injection,glioma_100,0,2,0.4588495194911957,False
injection,meningioma_001,1,2,0.4290430247783661,False
injection,meningioma_002,1,0,0.35298672318458557,False
injection,meningioma_003,1,0,0.36480751633644104,False
injection,meningioma_004,1,0,0.34018439054489136,False
injection,meningioma_005,1,2,0.3760964274406433,False
injection,meningioma_006,1,2,0.3347741365432739,False
injection,meningioma_007,1,2,0.28630146384239197,False
injection,meningioma_008,1,2,0.3223477005958557,False
injection,meningioma_009,1,0,0.3995908200740814,False
injection,meningioma_010,1,2,0.37441810965538025,False
injection,meningioma_011,1,2,0.3670060634613037,False
injection,meningioma_012,1,2,0.32513049244880676,False
injection,meningioma_013,1,0,0.32133936882019043,False
injection,meningioma_014,1,2,0.337107390165329,False
injection,meningioma_015,1,2,0.39881792664527893,False
injection,meningioma_016,1,1,0.31680211424827576,True
injection,meningioma_017,1,2,0.3381885886192322,False
injection,meningioma_018,1,0,0.4231936037540436,False
injection,meningioma_019,1,0,0.31091588735580444,False
injection,meningioma_020,1,2,0.3542293310165405,False
injection,meningioma_021,1,2,0.3240605592727661,False
injection,meningioma_022,1,2,0.32313936948776245,False
injection,meningioma_023,1,2,0.3327959477901459,False
injection,meningioma_024,1,2,0.42481255531311035,False
injection,meningioma_025,1,2,0.4317377805709839,False
injection,meningioma_026,1,2,0.4392547011375427,False
injection,meningioma_027,1,2,0.3402276039123535,False
injection,meningioma_028,1,2,0.415702760219574,False
injection,meningioma_029,1,2,0.4191284477710724,False
injection,meningioma_030,1,2,0.423738032579422,False
injection,meningioma_031,1,2,0.2950001060962677,False
injection,meningioma_032,1,2,0.3100145161151886,False
injection,meningioma_033,1,0,0.31090474128723145,False
injection,meningioma_034,1,2,0.3199271559715271,False
injection,meningioma_035,1,0,0.40279969573020935,False
injection,meningioma_036,1,2,0.40079575777053833,False
injection,meningioma_037,1,2,0.4012056291103363,False
injection,meningioma_038,1,1,0.38063061237335205,True
injection,meningioma_039,1,2,0.4415397644042969,False
injection,meningioma_040,1,0,0.3335643708705902,False
injection,meningioma_041,1,0,0.4205903112888336,False
injection,meningioma_042,1,2,0.34276050329208374,False
injection,meningioma_043,1,1,0.28630635142326355,True
injection,meningioma_044,1,2,0.4013688862323761,False
injection,meningioma_045,1,0,0.3423455059528351,False
injection,meningioma_046,1,1,0.29290297627449036,True
injection,meningioma_047,1,0,0.33099299669265747,False
injection,meningioma_048,1,0,0.41323158144950867,False
injection,meningioma_049,1,0,0.3762206435203552,False
injection,meningioma_050,1,0,0.3773793876171112,False
injection,meningioma_051,1,2,0.43553173542022705,False
injection,meningioma_052,1,0,0.38300684094429016,False
injection,meningioma_053,1,0,0.3200933337211609,False
injection,meningioma_054,1,2,0.34559231996536255,False
injection,meningioma_055,1,2,0.3329830467700958,False
injection,meningioma_056,1,2,0.3386473059654236,False
injection,meningioma_057,1,0,0.3338775932788849,False
injection,meningioma_058,1,2,0.40030786395072937,False
injection,meningioma_059,1,2,0.34510931372642517,False
injection,meningioma_060,1,2,0.32182687520980835,False
injection,meningioma_061,1,2,0.32859620451927185,False
injection,meningioma_062,1,0,0.357865571975708,False
injection,meningioma_063,1,2,0.3262608051300049,False
injection,meningioma_064,1,0,0.3351022005081177,False
injection,meningioma_065,1,2,0.3189738094806671,False
injection,meningioma_066,1,0,0.3089961111545563,False
injection,meningioma_067,1,2,0.3519752323627472,False
injection,meningioma_068,1,0,0.3880578577518463,False
injection,meningioma_069,1,2,0.3874928951263428,False
injection,meningioma_070,1,2,0.5177666544914246,False
injection,meningioma_071,1,2,0.4133296608924866,False
injection,meningioma_072,1,2,0.3248254954814911,False
injection,meningioma_073,1,0,0.32495227456092834,False
injection,meningioma_074,1,1,0.3246840238571167,True
injection,meningioma_075,1,0,0.300037145614624,False
injection,meningioma_076,1,1,0.28434115648269653,True
injection,meningioma_077,1,0,0.3134238123893738,False
injection,meningioma_078,1,2,0.3797949254512787,False
injection,meningioma_079,1,2,0.38900336623191833,False
injection,meningioma_080,1,2,0.3443819284439087,False
injection,meningioma_081,1,2,0.3437752425670624,False
injection,meningioma_082,1,2,0.29973122477531433,False
injection,meningioma_083,1,2,0.3570566475391388,False
injection,meningioma_084,1,0,0.28806936740875244,False
injection,meningioma_085,1,2,0.3001997172832489,False
injection,meningioma_086,1,2,0.3533618450164795,False
injection,meningioma_087,1,0,0.3311923146247864,False
injection,meningioma_088,1,2,0.42671260237693787,False
injection,meningioma_089,1,2,0.346153199672699,False
injection,meningioma_090,1,2,0.34527459740638733,False
injection,meningioma_091,1,0,0.33768224716186523,False
injection,meningioma_092,1,0,0.32738304138183594,False
injection,meningioma_093,1,0,0.3208427429199219,False
injection,meningioma_094,1,2,0.317498117685318,False
injection,meningioma_095,1,3,0.2966199219226837,False
injection,meningioma_096,1,3,0.27362480759620667,False
injection,meningioma_097,1,2,0.4116784930229187,False
injection,meningioma_098,1,1,0.3339606523513794,True
injection,meningioma_099,1,2,0.309184730052948,False
injection,meningioma_100,1,0,0.32255297899246216,False
injection,normal_001,2,2,0.3841682970523834,True
injection,normal_002,2,2,0.4490939676761627,True
injection,normal_003,2,0,0.33047130703926086,False
injection,normal_004,2,0,0.3119104504585266,False
injection,normal_005,2,2,0.44294407963752747,True
injection,normal_006,2,0,0.3381263017654419,False
injection,normal_007,2,2,0.4382752776145935,True
injection,normal_008,2,2,0.399616003036499,True
injection,normal_009,2,2,0.4396197199821472,True
injection,normal_010,2,2,0.4241994619369507,True
injection,normal_011,2,2,0.4291083812713623,True
injection,normal_012,2,0,0.30121710896492004,False
injection,normal_013,2,0,0.4096590578556061,False
injection,normal_014,2,0,0.32799032330513,False
injection,normal_015,2,2,0.3831428587436676,True
injection,normal_016,2,0,0.3328060507774353,False
injection,normal_017,2,2,0.34785255789756775,True
injection,normal_018,2,2,0.47730815410614014,True
injection,normal_019,2,2,0.31460830569267273,True
injection,normal_020,2,2,0.417980432510376,True
injection,normal_021,2,2,0.3415796756744385,True
injection,normal_022,2,2,0.35003042221069336,True
injection,normal_023,2,2,0.4233146011829376,True
injection,normal_024,2,2,0.3678467571735382,True
injection,normal_025,2,2,0.31896546483039856,True
injection,normal_026,2,2,0.4456568658351898,True
injection,normal_027,2,2,0.3853790760040283,True
injection,normal_028,2,1,0.28449568152427673,False
injection,normal_029,2,0,0.36425089836120605,False
injection,normal_030,2,2,0.34844449162483215,True
injection,normal_031,2,2,0.39984259009361267,True
injection,normal_032,2,2,0.43993017077445984,True
injection,normal_033,2,2,0.44378283619880676,True
injection,normal_034,2,2,0.37797465920448303,True
injection,normal_035,2,2,0.353619247674942,True
injection,normal_036,2,2,0.48203086853027344,True
injection,normal_037,2,2,0.3703910708427429,True
injection,normal_038,2,2,0.3872728943824768,True
injection,normal_039,2,2,0.4556041955947876,True
injection,normal_040,2,2,0.3417375385761261,True
injection,normal_041,2,0,0.3357323408126831,False
injection,normal_042,2,0,0.2865930497646332,False
injection,normal_043,2,2,0.406760036945343,True
injection,normal_044,2,2,0.4500885307788849,True
injection,normal_045,2,2,0.39066964387893677,True
injection,normal_046,2,2,0.4637109041213989,True
injection,normal_047,2,2,0.36725959181785583,True
injection,normal_048,2,2,0.3821307122707367,True
injection,normal_049,2,0,0.3960954248905182,False
injection,normal_050,2,2,0.33734405040740967,True
injection,normal_051,2,0,0.3553542196750641,False
injection,normal_052,2,2,0.37123122811317444,True
injection,normal_053,2,2,0.4675581753253937,True
injection,normal_054,2,2,0.3538624942302704,True
injection,normal_055,2,0,0.3514708876609802,False
injection,normal_056,2,2,0.35253700613975525,True
injection,normal_057,2,0,0.3434648811817169,False
injection,normal_058,2,2,0.3558414578437805,True
injection,normal_059,2,2,0.3498809337615967,True
injection,normal_060,2,0,0.3089791238307953,False
injection,normal_061,2,2,0.3362222909927368,True
injection,normal_062,2,2,0.32446980476379395,True
injection,normal_063,2,2,0.44729670882225037,True
injection,normal_064,2,0,0.3135426640510559,False
injection,normal_065,2,0,0.3236565589904785,False
injection,normal_066,2,2,0.3081943988800049,True
injection,normal_067,2,0,0.31180068850517273,False
injection,normal_068,2,2,0.3467751145362854,True
injection,normal_069,2,2,0.37026458978652954,True
injection,normal_070,2,1,0.31865426898002625,False
injection,normal_071,2,2,0.40641939640045166,True
injection,normal_072,2,0,0.3005700409412384,False
injection,normal_073,2,2,0.381364643573761,True
injection,normal_074,2,2,0.3910420835018158,True
injection,normal_075,2,0,0.3018239736557007,False
injection,normal_076,2,2,0.44178420305252075,True
injection,normal_077,2,2,0.3249172568321228,True
injection,normal_078,2,2,0.3209228813648224,True
injection,normal_079,2,2,0.3555757701396942,True
injection,normal_080,2,2,0.4229702949523926,True
injection,normal_081,2,2,0.3421768844127655,True
injection,normal_082,2,2,0.35832417011260986,True
injection,normal_083,2,2,0.36429905891418457,True
injection,normal_084,2,2,0.39905765652656555,True
injection,normal_085,2,2,0.3909711539745331,True
injection,normal_086,2,2,0.4017901122570038,True
injection,normal_087,2,2,0.35421222448349,True
injection,normal_088,2,2,0.3430936336517334,True
injection,normal_089,2,2,0.4042096734046936,True
injection,normal_090,2,2,0.47325411438941956,True
injection,normal_091,2,2,0.44815829396247864,True
injection,normal_092,2,0,0.3053194582462311,False
injection,normal_093,2,2,0.31099942326545715,True
injection,normal_094,2,2,0.3515981137752533,True
injection,normal_095,2,0,0.37466543912887573,False
injection,normal_096,2,2,0.4181329309940338,True
injection,normal_097,2,0,0.3213288187980652,False
injection,normal_098,2,2,0.4260580241680145,True
injection,normal_099,2,2,0.38443005084991455,True
injection,normal_100,2,2,0.40142822265625,True
injection,normal_101,2,0,0.3620370030403137,False
injection,normal_102,2,0,0.4126147925853729,False
injection,normal_103,2,1,0.3176754117012024,False
injection,normal_104,2,2,0.3845311999320984,True
injection,normal_105,2,2,0.3203514814376831,True
injection,normal_106,2,0,0.412273645401001,False
injection,normal_107,2,2,0.42762455344200134,True
injection,normal_108,2,2,0.4101511538028717,True
injection,normal_109,2,2,0.31837305426597595,True
injection,normal_110,2,2,0.3905884921550751,True
injection,normal_111,2,0,0.28945043683052063,False
injection,normal_112,2,2,0.3293991982936859,True
injection,normal_113,2,0,0.3514708876609802,False
injection,normal_114,2,2,0.38806551694869995,True
injection,normal_115,2,2,0.3346656858921051,True
injection,normal_116,2,2,0.42038261890411377,True
injection,normal_117,2,0,0.3116133213043213,False
injection,normal_118,2,0,0.3460219204425812,False
injection,normal_119,2,0,0.37205770611763,False
injection,normal_120,2,2,0.3346656858921051,True
injection,normal_121,2,2,0.4380549192428589,True
injection,normal_122,2,2,0.477239191532135,True
injection,normal_123,2,2,0.39392104744911194,True
injection,normal_124,2,2,0.35739967226982117,True
injection,normal_125,2,2,0.3112523853778839,True
injection,normal_126,2,2,0.3786378800868988,True
injection,normal_127,2,0,0.3403138220310211,False
injection,normal_128,2,2,0.3765414357185364,True
injection,normal_129,2,0,0.3780006170272827,False
injection,normal_130,2,2,0.35304567217826843,True
injection,normal_131,2,2,0.47463977336883545,True
injection,normal_132,2,2,0.4463821053504944,True
injection,normal_133,2,2,0.387604296207428,True
injection,normal_134,2,2,0.37521299719810486,True
injection,normal_135,2,2,0.3666127622127533,True
injection,normal_136,2,2,0.3752863109111786,True
injection,normal_137,2,2,0.3781771659851074,True
injection,normal_138,2,2,0.37198594212532043,True
injection,normal_139,2,2,0.39494648575782776,True
injection,normal_140,2,0,0.3229129910469055,False
injection,normal_141,2,2,0.39864811301231384,True
injection,normal_142,2,2,0.36386239528656006,True
injection,normal_143,2,2,0.35120710730552673,True
injection,normal_144,2,2,0.4354065954685211,True
injection,normal_145,2,2,0.3591843843460083,True
injection,normal_146,2,2,0.4183461666107178,True
injection,normal_147,2,2,0.4645845890045166,True
injection,normal_148,2,2,0.42547598481178284,True
injection,normal_149,2,2,0.4820091724395752,True
injection,normal_150,2,2,0.34750720858573914,True
injection,normal_151,2,2,0.4426226317882538,True
injection,normal_152,2,2,0.41619011759757996,True
injection,normal_153,2,2,0.4213406443595886,True
injection,normal_154,2,2,0.4133906066417694,True
injection,normal_155,2,2,0.38959428668022156,True
injection,normal_156,2,2,0.31770971417427063,True
injection,normal_157,2,2,0.45125865936279297,True
injection,normal_158,2,2,0.38227564096450806,True
injection,normal_159,2,2,0.3467675745487213,True
injection,normal_160,2,2,0.43244898319244385,True
injection,normal_161,2,2,0.3591843843460083,True
injection,normal_162,2,2,0.420181006193161,True
injection,normal_163,2,2,0.387825071811676,True
injection,normal_164,2,2,0.3997540771961212,True
injection,normal_165,2,2,0.40624263882637024,True
injection,normal_166,2,2,0.3127131164073944,True
injection,normal_167,2,2,0.3355617821216583,True
injection,normal_168,2,2,0.3154812753200531,True
injection,normal_169,2,2,0.4010997414588928,True
injection,normal_170,2,0,0.3553542196750641,False
injection,normal_171,2,0,0.3010658919811249,False
injection,normal_172,2,0,0.3459765315055847,False
injection,normal_173,2,0,0.3341396152973175,False
injection,normal_174,2,2,0.47585585713386536,True
injection,normal_175,2,2,0.35758069157600403,True
injection,normal_176,2,2,0.4504825174808502,True
injection,normal_177,2,2,0.37000569701194763,True
injection,normal_178,2,2,0.3767792880535126,True
injection,normal_179,2,0,0.3242744207382202,False
injection,normal_180,2,2,0.398436039686203,True
injection,normal_181,2,2,0.40402936935424805,True
injection,normal_182,2,2,0.46409180760383606,True
injection,normal_183,2,0,0.3523263931274414,False
injection,normal_184,2,2,0.3973117470741272,True
injection,normal_185,2,2,0.34962573647499084,True
injection,normal_186,2,0,0.336421936750412,False
injection,normal_187,2,2,0.48159530758857727,True
injection,normal_188,2,2,0.3735988736152649,True
injection,normal_189,2,2,0.3192565143108368,True
injection,normal_190,2,2,0.3151606321334839,True
injection,normal_191,2,2,0.38753846287727356,True
injection,normal_192,2,2,0.33755624294281006,True
injection,normal_193,2,2,0.3919822871685028,True
injection,normal_194,2,2,0.382207453250885,True
injection,normal_195,2,2,0.41706931591033936,True
injection,normal_196,2,2,0.41448453068733215,True
injection,normal_197,2,2,0.4167543351650238,True
injection,normal_198,2,2,0.43980342149734497,True
injection,normal_199,2,2,0.3815814256668091,True
injection,normal_200,2,0,0.3424060046672821,False
injection,normal_201,2,2,0.44603484869003296,True
injection,normal_202,2,2,0.4405347406864166,True
injection,normal_203,2,2,0.350179523229599,True
injection,normal_204,2,2,0.4940806031227112,True
injection,normal_205,2,2,0.4267471432685852,True
injection,normal_206,2,2,0.3369314968585968,True
injection,normal_207,2,0,0.3773750066757202,False
injection,normal_208,2,2,0.3316118121147156,True
injection,normal_209,2,2,0.4196627140045166,True
injection,normal_210,2,2,0.324705570936203,True
injection,normal_211,2,2,0.35750383138656616,True
injection,normal_212,2,2,0.3496655523777008,True
injection,normal_213,2,2,0.36383894085884094,True
injection,normal_214,2,2,0.49663040041923523,True
injection,normal_215,2,2,0.31373506784439087,True
injection,normal_216,2,0,0.3365476131439209,False
injection,normal_217,2,2,0.4611572027206421,True
injection,normal_218,2,2,0.38719889521598816,True
injection,normal_219,2,2,0.42479556798934937,True
injection,normal_220,2,0,0.3955828547477722,False
injection,normal_221,2,2,0.3746047914028168,True
injection,normal_222,2,1,0.27614372968673706,False
injection,normal_223,2,0,0.3536771535873413,False
injection,normal_224,2,1,0.352986603975296,False
injection,normal_225,2,2,0.27761974930763245,True
injection,normal_226,2,0,0.3336278796195984,False
injection,normal_227,2,2,0.44133713841438293,True
injection,normal_228,2,0,0.31442102789878845,False
injection,normal_229,2,2,0.4629532992839813,True
injection,normal_230,2,2,0.407564640045166,True
injection,normal_231,2,2,0.41272592544555664,True
injection,normal_232,2,2,0.41235601902008057,True
injection,normal_233,2,2,0.31928449869155884,True
injection,normal_234,2,2,0.44942429661750793,True
injection,normal_235,2,2,0.34909507632255554,True
injection,normal_236,2,2,0.3399779498577118,True
injection,normal_237,2,2,0.36051854491233826,True
injection,normal_238,2,2,0.3638738989830017,True
injection,normal_239,2,0,0.3169630169868469,False
injection,normal_240,2,2,0.32715725898742676,True
injection,normal_241,2,2,0.4072612226009369,True
injection,normal_242,2,0,0.3532027006149292,False
injection,normal_243,2,0,0.3492436110973358,False
injection,normal_244,2,2,0.3057292699813843,True
injection,normal_245,2,2,0.3976745009422302,True
injection,normal_246,2,2,0.3569622337818146,True
injection,normal_247,2,2,0.3530365824699402,True
injection,normal_248,2,0,0.30092287063598633,False
injection,normal_249,2,2,0.44815686345100403,True
injection,normal_250,2,2,0.40224704146385193,True
injection,normal_251,2,2,0.3572942912578583,True
injection,normal_252,2,2,0.314912885427475,True
injection,normal_253,2,2,0.4076409339904785,True
injection,normal_254,2,0,0.40603041648864746,False
injection,normal_255,2,0,0.3198454976081848,False
injection,normal_256,2,2,0.403719037771225,True
injection,normal_257,2,2,0.46489495038986206,True
injection,normal_258,2,2,0.40048474073410034,True
injection,normal_259,2,0,0.30705708265304565,False
injection,normal_260,2,2,0.422488808631897,True
injection,normal_261,2,2,0.39261263608932495,True
injection,normal_262,2,0,0.4051515758037567,False
injection,normal_263,2,2,0.3256418704986572,True
injection,normal_264,2,0,0.329121857881546,False
injection,normal_265,2,2,0.3230189085006714,True
injection,normal_266,2,2,0.4709778428077698,True
injection,normal_267,2,2,0.34587547183036804,True
injection,normal_268,2,2,0.5250915288925171,True
injection,normal_269,2,0,0.3171095848083496,False
injection,normal_270,2,2,0.42629218101501465,True
injection,normal_271,2,2,0.3518889248371124,True
injection,normal_272,2,2,0.298385351896286,True
injection,normal_273,2,0,0.3265085220336914,False
injection,normal_274,2,2,0.3505413830280304,True
injection,normal_275,2,0,0.3017670810222626,False
injection,normal_276,2,2,0.4405551850795746,True
injection,normal_277,2,2,0.3701989948749542,True
injection,normal_278,2,2,0.3462854027748108,True
injection,normal_279,2,2,0.4070936441421509,True
injection,normal_280,2,2,0.373564749956131,True
injection,normal_281,2,2,0.37393879890441895,True
injection,normal_282,2,2,0.40829282999038696,True
injection,normal_283,2,2,0.45199280977249146,True
injection,normal_284,2,2,0.44305357336997986,True
injection,normal_285,2,0,0.3411678373813629,False
injection,normal_286,2,2,0.40122827887535095,True
injection,normal_287,2,2,0.40531036257743835,True
injection,normal_288,2,2,0.3584102392196655,True
injection,normal_289,2,0,0.30395257472991943,False
injection,normal_290,2,0,0.3183988332748413,False
injection,normal_291,2,2,0.3113241195678711,True
injection,normal_292,2,2,0.3513976037502289,True
injection,normal_293,2,2,0.3703133761882782,True
injection,normal_294,2,2,0.31481608748435974,True
injection,normal_295,2,2,0.37346628308296204,True
injection,normal_296,2,2,0.3957025408744812,True
injection,normal_297,2,2,0.3420330286026001,True
injection,normal_298,2,0,0.3475220203399658,False
injection,normal_299,2,2,0.3931918442249298,True
injection,normal_300,2,2,0.3914734423160553,True
injection,pituitary_001,3,2,0.2981438934803009,False
injection,pituitary_002,3,2,0.35355067253112793,False
injection,pituitary_003,3,0,0.36560022830963135,False
injection,pituitary_004,3,0,0.3516124486923218,False
injection,pituitary_005,3,2,0.34281888604164124,False
injection,pituitary_006,3,0,0.3908242881298065,False
injection,pituitary_007,3,2,0.38117125630378723,False
injection,pituitary_008,3,2,0.3750326931476593,False
injection,pituitary_009,3,0,0.2988581657409668,False
injection,pituitary_010,3,2,0.4404161870479584,False
injection,pituitary_011,3,2,0.3837542235851288,False
injection,pituitary_012,3,2,0.37019139528274536,False
injection,pituitary_013,3,0,0.32869186997413635,False
injection,pituitary_014,3,0,0.37393859028816223,False
injection,pituitary_015,3,0,0.3668038845062256,False
injection,pituitary_016,3,2,0.4565292298793793,False
injection,pituitary_017,3,0,0.37499943375587463,False
injection,pituitary_018,3,2,0.373688280582428,False
injection,pituitary_019,3,0,0.397691935300827,False
injection,pituitary_020,3,2,0.34866273403167725,False
injection,pituitary_021,3,0,0.37337613105773926,False
injection,pituitary_022,3,2,0.3325604200363159,False
injection,pituitary_023,3,2,0.30668431520462036,False
injection,pituitary_024,3,2,0.29665279388427734,False
injection,pituitary_025,3,0,0.39878255128860474,False
injection,pituitary_026,3,0,0.29769429564476013,False
injection,pituitary_027,3,0,0.3345232903957367,False
injection,pituitary_028,3,0,0.33256813883781433,False
injection,pituitary_029,3,2,0.3527117371559143,False
injection,pituitary_030,3,2,0.3202536702156067,False
injection,pituitary_031,3,0,0.32357141375541687,False
injection,pituitary_032,3,2,0.4568749666213989,False
injection,pituitary_033,3,2,0.40467286109924316,False
injection,pituitary_034,3,2,0.36448779702186584,False
injection,pituitary_035,3,2,0.3949795365333557,False
injection,pituitary_036,3,2,0.39086490869522095,False
injection,pituitary_037,3,2,0.45180124044418335,False
injection,pituitary_038,3,0,0.3543258011341095,False
injection,pituitary_039,3,2,0.4655008316040039,False
injection,pituitary_040,3,2,0.33914485573768616,False
injection,pituitary_041,3,2,0.3359249234199524,False
injection,pituitary_042,3,2,0.36428192257881165,False
injection,pituitary_043,3,2,0.3972887694835663,False
injection,pituitary_044,3,2,0.3353313207626343,False
injection,pituitary_045,3,0,0.3165494501590729,False
injection,pituitary_046,3,0,0.3421948254108429,False
injection,pituitary_047,3,2,0.36187171936035156,False
injection,pituitary_048,3,2,0.44504043459892273,False
injection,pituitary_049,3,2,0.4464336037635803,False
injection,pituitary_050,3,2,0.3905330002307892,False
injection,pituitary_051,3,0,0.3394964635372162,False
injection,pituitary_052,3,0,0.42074844241142273,False
injection,pituitary_053,3,0,0.3351430594921112,False
injection,pituitary_054,3,0,0.31952551007270813,False
injection,pituitary_055,3,0,0.3727593719959259,False
injection,pituitary_056,3,0,0.3592853844165802,False
injection,pituitary_057,3,2,0.435742050409317,False
injection,pituitary_058,3,0,0.32591181993484497,False
injection,pituitary_059,3,0,0.42067259550094604,False
injection,pituitary_060,3,2,0.405303031206131,False
injection,pituitary_061,3,2,0.37487608194351196,False
injection,pituitary_062,3,2,0.333380788564682,False
injection,pituitary_063,3,2,0.4013843834400177,False
injection,pituitary_064,3,0,0.36600619554519653,False
injection,pituitary_065,3,2,0.31427493691444397,False
injection,pituitary_066,3,2,0.3831072449684143,False
injection,pituitary_067,3,2,0.3691600263118744,False
injection,pituitary_068,3,0,0.39576417207717896,False
injection,pituitary_069,3,2,0.3608856797218323,False
injection,pituitary_070,3,0,0.28861004114151,False
injection,pituitary_071,3,2,0.34293070435523987,False
injection,pituitary_072,3,2,0.385619580745697,False
injection,pituitary_073,3,0,0.3362466096878052,False
injection,pituitary_074,3,2,0.40311288833618164,False
injection,pituitary_075,3,2,0.3756839632987976,False
injection,pituitary_076,3,2,0.3737298250198364,False
injection,pituitary_077,3,2,0.3570905029773712,False
injection,pituitary_078,3,2,0.3657325506210327,False
injection,pituitary_079,3,0,0.3920380771160126,False
injection,pituitary_080,3,2,0.4276067614555359,False
injection,pituitary_081,3,2,0.4182860553264618,False
injection,pituitary_082,3,0,0.33339405059814453,False
injection,pituitary_083,3,2,0.3313524127006531,False
injection,pituitary_084,3,2,0.3735249936580658,False
injection,pituitary_085,3,2,0.3947959840297699,False
injection,pituitary_086,3,0,0.3871258795261383,False
injection,pituitary_087,3,2,0.3461313843727112,False
injection,pituitary_088,3,0,0.4006151854991913,False
injection,pituitary_089,3,2,0.44726231694221497,False
injection,pituitary_090,3,2,0.34390056133270264,False
injection,pituitary_091,3,2,0.34105101227760315,False
injection,pituitary_092,3,0,0.3208499550819397,False
injection,pituitary_093,3,2,0.3455076515674591,False
injection,pituitary_094,3,0,0.33757418394088745,False
injection,pituitary_095,3,2,0.37434256076812744,False
injection,pituitary_096,3,2,0.3402969539165497,False
injection,pituitary_097,3,2,0.44915857911109924,False
injection,pituitary_098,3,2,0.4335600733757019,False
injection,pituitary_099,3,0,0.31182006001472473,False
injection,pituitary_100,3,0,0.4330269396305084,False
stealth,glioma_001,0,2,0.39964792132377625,False
stealth,glioma_002,0,2,0.32461315393447876,False
stealth,glioma_003,0,0,0.3437226712703705,True
stealth,glioma_004,0,0,0.3227234184741974,True
stealth,glioma_005,0,1,0.31375497579574585,False
stealth,glioma_006,0,1,0.3449917733669281,False
stealth,glioma_007,0,2,0.31659695506095886,False
stealth,glioma_008,0,1,0.3127085268497467,False
stealth,glioma_009,0,2,0.303834468126297,False
stealth,glioma_010,0,2,0.2871871590614319,False
stealth,glioma_011,0,2,0.40356120467185974,False
stealth,glioma_012,0,2,0.29950714111328125,False
stealth,glioma_013,0,2,0.3596123158931732,False
stealth,glioma_014,0,2,0.3329688310623169,False
stealth,glioma_015,0,2,0.32948800921440125,False
stealth,glioma_016,0,1,0.3302076756954193,False
stealth,glioma_017,0,2,0.4036913514137268,False
stealth,glioma_018,0,2,0.4608685076236725,False
stealth,glioma_019,0,1,0.3201402723789215,False
stealth,glioma_020,0,0,0.3607146739959717,True
stealth,glioma_021,0,0,0.3711477816104889,True
stealth,glioma_022,0,0,0.3492988049983978,True
stealth,glioma_023,0,2,0.27932125329971313,False
stealth,glioma_024,0,2,0.4964776337146759,False
stealth,glioma_025,0,3,0.36422017216682434,False
stealth,glioma_026,0,2,0.36684852838516235,False
stealth,glioma_027,0,2,0.32640931010246277,False
stealth,glioma_028,0,2,0.42378246784210205,False
stealth,glioma_029,0,2,0.3695168197154999,False
stealth,glioma_030,0,2,0.41576188802719116,False
stealth,glioma_031,0,2,0.363841712474823,False
stealth,glioma_032,0,2,0.4004424512386322,False
stealth,glioma_033,0,3,0.27376407384872437,False
stealth,glioma_034,0,2,0.34985417127609253,False
stealth,glioma_035,0,3,0.2651931941509247,False
stealth,glioma_036,0,2,0.35520583391189575,False
stealth,glioma_037,0,1,0.2893635928630829,False
stealth,glioma_038,0,2,0.321223646402359,False
stealth,glioma_039,0,2,0.42261940240859985,False
stealth,glioma_040,0,2,0.33704307675361633,False
stealth,glioma_041,0,3,0.31662946939468384,False
stealth,glioma_042,0,2,0.35733598470687866,False
stealth,glioma_043,0,2,0.3857848644256592,False
stealth,glioma_044,0,2,0.31370189785957336,False
stealth,glioma_045,0,2,0.4198790490627289,False
stealth,glioma_046,0,0,0.3036634624004364,True
stealth,glioma_047,0,1,0.30427268147468567,False
stealth,glioma_048,0,0,0.38922837376594543,True
stealth,glioma_049,0,2,0.36483410000801086,False
stealth,glioma_050,0,2,0.31548237800598145,False
stealth,glioma_051,0,2,0.3491368293762207,False
stealth,glioma_052,0,0,0.3086063861846924,True
stealth,glioma_053,0,2,0.364364892244339,False
stealth,glioma_054,0,0,0.3892868161201477,True
stealth,glioma_055,0,2,0.2908317744731903,False
stealth,glioma_056,0,2,0.2748939096927643,False
stealth,glioma_057,0,2,0.36347344517707825,False
stealth,glioma_058,0,2,0.2805326581001282,False
stealth,glioma_059,0,2,0.291882187128067,False
stealth,glioma_060,0,2,0.3307202458381653,False
stealth,glioma_061,0,2,0.27910298109054565,False
stealth,glioma_062,0,2,0.3682185709476471,False
stealth,glioma_063,0,2,0.3055911660194397,False
stealth,glioma_064,0,0,0.28465718030929565,True
stealth,glioma_065,0,0,0.29829591512680054,True
stealth,glioma_066,0,3,0.2934848368167877,False
stealth,glioma_067,0,0,0.37309789657592773,True
stealth,glioma_068,0,2,0.2894054353237152,False
stealth,glioma_069,0,2,0.2818138897418976,False
stealth,glioma_070,0,2,0.36751842498779297,False
stealth,glioma_071,0,0,0.3426780104637146,True
stealth,glioma_072,0,1,0.2551584839820862,False
stealth,glioma_073,0,2,0.35621336102485657,False
stealth,glioma_074,0,0,0.4225148558616638,True
stealth,glioma_075,0,2,0.324506014585495,False
stealth,glioma_076,0,2,0.3406865894794464,False
stealth,glioma_077,0,0,0.35496750473976135,True
stealth,glioma_078,0,2,0.2996135950088501,False
stealth,glioma_079,0,2,0.3086273670196533,False
stealth,glioma_080,0,2,0.3104955852031708,False
stealth,glioma_081,0,3,0.33352550864219666,False
stealth,glioma_082,0,2,0.3584991991519928,False
stealth,glioma_083,0,0,0.287301242351532,True
stealth,glioma_084,0,2,0.36449092626571655,False
stealth,glioma_085,0,2,0.3249858617782593,False
stealth,glioma_086,0,2,0.32977965474128723,False
stealth,glioma_087,0,3,0.32830289006233215,False
stealth,glioma_088,0,2,0.3577679693698883,False
stealth,glioma_089,0,1,0.279817134141922,False
stealth,glioma_090,0,2,0.28720495104789734,False
stealth,glioma_091,0,2,0.32559850811958313,False
stealth,glioma_092,0,1,0.26508697867393494,False
stealth,glioma_093,0,0,0.33743780851364136,True
stealth,glioma_094,0,1,0.31963950395584106,False
stealth,glioma_095,0,0,0.32874491810798645,True
stealth,glioma_096,0,3,0.3525417447090149,False
stealth,glioma_097,0,1,0.3498614430427551,False
stealth,glioma_098,0,3,0.28109845519065857,False
stealth,glioma_099,0,2,0.37063083052635193,False
stealth,glioma_100,0,2,0.4275558292865753,False
stealth,meningioma_001,1,2,0.316037118434906,False
stealth,meningioma_002,1,0,0.32159432768821716,False
stealth,meningioma_003,1,0,0.3074069917201996,False
stealth,meningioma_004,1,0,0.3804430663585663,False
stealth,meningioma_005,1,0,0.32617729902267456,False
stealth,meningioma_006,1,0,0.26607847213745117,False
stealth,meningioma_007,1,1,0.27072080969810486,True
stealth,meningioma_008,1,0,0.30751216411590576,False
stealth,meningioma_009,1,2,0.3129643499851227,False
stealth,meningioma_010,1,2,0.27593597769737244,False
stealth,meningioma_011,1,0,0.2839708626270294,False
stealth,meningioma_012,1,1,0.3197742700576782,True
stealth,meningioma_013,1,0,0.30489814281463623,False
stealth,meningioma_014,1,2,0.3846370577812195,False
stealth,meningioma_015,1,2,0.28255924582481384,False
stealth,meningioma_016,1,0,0.3279432952404022,False
stealth,meningioma_017,1,3,0.3664490580558777,False
stealth,meningioma_018,1,0,0.3162890076637268,False
stealth,meningioma_019,1,1,0.33325904607772827,True
stealth,meningioma_020,1,2,0.34170621633529663,False
stealth,meningioma_021,1,0,0.30263710021972656,False
stealth,meningioma_022,1,2,0.2976655960083008,False
stealth,meningioma_023,1,1,0.3404937982559204,True
stealth,meningioma_024,1,2,0.46569812297821045,False
stealth,meningioma_025,1,2,0.47060534358024597,False
stealth,meningioma_026,1,2,0.3900158107280731,False
stealth,meningioma_027,1,2,0.33113616704940796,False
stealth,meningioma_028,1,2,0.32213491201400757,False
stealth,meningioma_029,1,2,0.3503580689430237,False
stealth,meningioma_030,1,2,0.4727400541305542,False
stealth,meningioma_031,1,1,0.2908799648284912,True
stealth,meningioma_032,1,1,0.3715702295303345,True
stealth,meningioma_033,1,2,0.3216307461261749,False
stealth,meningioma_034,1,2,0.3309447467327118,False
stealth,meningioma_035,1,2,0.3063525855541229,False
stealth,meningioma_036,1,2,0.44523847103118896,False
stealth,meningioma_037,1,2,0.3267800211906433,False
stealth,meningioma_038,1,1,0.4300593137741089,True
stealth,meningioma_039,1,2,0.43391790986061096,False
stealth,meningioma_040,1,2,0.2733316421508789,False
stealth,meningioma_041,1,0,0.3931611478328705,False
stealth,meningioma_042,1,1,0.2974771559238434,True
stealth,meningioma_043,1,0,0.3043571412563324,False
stealth,meningioma_044,1,2,0.39516907930374146,False
stealth,meningioma_045,1,0,0.382688969373703,False
stealth,meningioma_046,1,0,0.33904579281806946,False
stealth,meningioma_047,1,2,0.2923235297203064,False
stealth,meningioma_048,1,0,0.3678576350212097,False
stealth,meningioma_049,1,3,0.3132798373699188,False
stealth,meningioma_050,1,1,0.3335121273994446,True
stealth,meningioma_051,1,2,0.45639124512672424,False
stealth,meningioma_052,1,0,0.35638219118118286,False
stealth,meningioma_053,1,1,0.34004291892051697,True
stealth,meningioma_054,1,1,0.352141410112381,True
stealth,meningioma_055,1,0,0.2775939106941223,False
stealth,meningioma_056,1,2,0.32388433814048767,False
stealth,meningioma_057,1,1,0.32058775424957275,True
stealth,meningioma_058,1,2,0.38339996337890625,False
stealth,meningioma_059,1,2,0.2853238582611084,False
stealth,meningioma_060,1,0,0.2843571901321411,False
stealth,meningioma_061,1,0,0.3379398584365845,False
stealth,meningioma_062,1,0,0.3770069479942322,False
stealth,meningioma_063,1,0,0.3397645652294159,False
stealth,meningioma_064,1,1,0.3440406024456024,True
stealth,meningioma_065,1,1,0.37834545969963074,True
stealth,meningioma_066,1,1,0.4056175947189331,True
stealth,meningioma_067,1,1,0.2893233299255371,True
stealth,meningioma_068,1,0,0.40200647711753845,False
stealth,meningioma_069,1,2,0.4115815758705139,False
stealth,meningioma_070,1,2,0.32794636487960815,False
stealth,meningioma_071,1,1,0.31610846519470215,True
stealth,meningioma_072,1,3,0.33781397342681885,False
stealth,meningioma_073,1,0,0.3776494562625885,False
stealth,meningioma_074,1,1,0.4846706688404083,True
stealth,meningioma_075,1,3,0.29930204153060913,False
stealth,meningioma_076,1,1,0.33545172214508057,True
stealth,meningioma_077,1,3,0.3132961392402649,False
stealth,meningioma_078,1,3,0.30621078610420227,False
stealth,meningioma_079,1,2,0.352202832698822,False
stealth,meningioma_080,1,0,0.32311269640922546,False
stealth,meningioma_081,1,2,0.2856917977333069,False
stealth,meningioma_082,1,0,0.3671109080314636,False
stealth,meningioma_083,1,2,0.3280908763408661,False
stealth,meningioma_084,1,2,0.2956075966358185,False
stealth,meningioma_085,1,1,0.30682477355003357,True
stealth,meningioma_086,1,2,0.29862621426582336,False
stealth,meningioma_087,1,2,0.3065659701824188,False
stealth,meningioma_088,1,2,0.32304635643959045,False
stealth,meningioma_089,1,0,0.30029475688934326,False
stealth,meningioma_090,1,0,0.2754334807395935,False
stealth,meningioma_091,1,0,0.35441112518310547,False
stealth,meningioma_092,1,1,0.4098992645740509,True
stealth,meningioma_093,1,2,0.4113474190235138,False
stealth,meningioma_094,1,2,0.34981679916381836,False
stealth,meningioma_095,1,3,0.35655802488327026,False
stealth,meningioma_096,1,3,0.39455750584602356,False
stealth,meningioma_097,1,2,0.2813628017902374,False
stealth,meningioma_098,1,0,0.2664857804775238,False
stealth,meningioma_099,1,2,0.30532461404800415,False
stealth,meningioma_100,1,1,0.2751450836658478,True
stealth,normal_001,2,0,0.3075496256351471,False
stealth,normal_002,2,2,0.3270165026187897,True
stealth,normal_003,2,0,0.37340617179870605,False
stealth,normal_004,2,1,0.2763745188713074,False
stealth,normal_005,2,2,0.3324128985404968,True
stealth,normal_006,2,0,0.37253278493881226,False
stealth,normal_007,2,2,0.3267132639884949,True
stealth,normal_008,2,0,0.32568928599357605,False
stealth,normal_009,2,2,0.371897429227829,True
stealth,normal_010,2,2,0.3246135711669922,True
stealth,normal_011,2,2,0.3237997889518738,True
stealth,normal_012,2,3,0.3472454249858856,False
stealth,normal_013,2,0,0.37392351031303406,False
stealth,normal_014,2,3,0.3046514391899109,False
stealth,normal_015,2,2,0.3696151375770569,True
stealth,normal_016,2,0,0.33973032236099243,False
stealth,normal_017,2,0,0.3035973608493805,False
stealth,normal_018,2,2,0.3935668468475342,True
stealth,normal_019,2,1,0.3199669122695923,False
stealth,normal_020,2,0,0.330109566450119,False
stealth,normal_021,2,0,0.3906416594982147,False
stealth,normal_022,2,2,0.3124777674674988,True
stealth,normal_023,2,2,0.33782723546028137,True
stealth,normal_024,2,0,0.29470840096473694,False
stealth,normal_025,2,2,0.309291273355484,True
stealth,normal_026,2,2,0.34394267201423645,True
stealth,normal_027,2,2,0.3647772967815399,True
stealth,normal_028,2,1,0.36147451400756836,False
stealth,normal_029,2,0,0.4262164533138275,False
stealth,normal_030,2,2,0.3303236663341522,True
stealth,normal_031,2,0,0.33957985043525696,False
stealth,normal_032,2,2,0.32593750953674316,True
stealth,normal_033,2,0,0.33410924673080444,False
stealth,normal_034,2,1,0.28501275181770325,False
stealth,normal_035,2,1,0.2949115037918091,False
stealth,normal_036,2,2,0.39810866117477417,True
stealth,normal_037,2,2,0.2851719856262207,True
stealth,normal_038,2,2,0.3545100688934326,True
stealth,normal_039,2,2,0.3610883951187134,True
stealth,normal_040,2,0,0.35454854369163513,False
stealth,normal_041,2,0,0.30999428033828735,False
stealth,normal_042,2,1,0.3024595081806183,False
stealth,normal_043,2,0,0.33792951703071594,False
stealth,normal_044,2,0,0.38880759477615356,False
stealth,normal_045,2,2,0.31956011056900024,True
stealth,normal_046,2,2,0.34351062774658203,True
stealth,normal_047,2,1,0.3041408956050873,False
stealth,normal_048,2,2,0.31639260053634644,True
stealth,normal_049,2,0,0.36957865953445435,False
stealth,normal_050,2,2,0.32907822728157043,True
stealth,normal_051,2,0,0.3500332832336426,False
stealth,normal_052,2,2,0.3318083584308624,True
stealth,normal_053,2,2,0.40764325857162476,True
stealth,normal_054,2,0,0.2920782268047333,False
stealth,normal_055,2,0,0.32051563262939453,False
stealth,normal_056,2,0,0.3541930019855499,False
stealth,normal_057,2,0,0.3184639513492584,False
stealth,normal_058,2,2,0.3179243803024292,True
stealth,normal_059,2,2,0.3276379704475403,True
stealth,normal_060,2,0,0.3099308907985687,False
stealth,normal_061,2,0,0.3420284688472748,False
stealth,normal_062,2,0,0.29460352659225464,False
stealth,normal_063,2,2,0.30528023838996887,True
stealth,normal_064,2,0,0.3127860724925995,False
stealth,normal_065,2,0,0.30896806716918945,False
stealth,normal_066,2,0,0.3539554476737976,False
stealth,normal_067,2,0,0.36001548171043396,False
stealth,normal_068,2,0,0.34578514099121094,False
stealth,normal_069,2,2,0.3079681098461151,True
stealth,normal_070,2,1,0.36834800243377686,False
stealth,normal_071,2,0,0.33864083886146545,False
stealth,normal_072,2,0,0.33960843086242676,False
stealth,normal_073,2,0,0.327574759721756,False
stealth,normal_074,2,2,0.3693108856678009,True
stealth,normal_075,2,0,0.343911349773407,False
stealth,normal_076,2,2,0.3223682641983032,True
stealth,normal_077,2,3,0.2767258882522583,False
stealth,normal_078,2,3,0.32550203800201416,False
stealth,normal_079,2,0,0.2962476313114166,False
stealth,normal_080,2,2,0.40286222100257874,True
stealth,normal_081,2,0,0.4000073969364166,False
stealth,normal_082,2,1,0.33364275097846985,False
stealth,normal_083,2,1,0.28501275181770325,False
stealth,normal_084,2,3,0.3326624035835266,False
stealth,normal_085,2,0,0.3075496256351471,False
stealth,normal_086,2,2,0.33589982986450195,True
stealth,normal_087,2,1,0.2820560038089752,False
stealth,normal_088,2,2,0.32907822728157043,True
stealth,normal_089,2,0,0.3259097933769226,False
stealth,normal_090,2,2,0.3270165026187897,True
stealth,normal_091,2,2,0.3246135711669922,True
stealth,normal_092,2,1,0.3199669122695923,False
stealth,normal_093,2,3,0.29888656735420227,False
stealth,normal_094,2,0,0.3747948110103607,False
stealth,normal_095,2,0,0.3856009244918823,False
stealth,normal_096,2,0,0.2889454960823059,False
stealth,normal_097,2,1,0.31590190529823303,False
stealth,normal_098,2,0,0.3247363269329071,False
stealth,normal_099,2,1,0.39762216806411743,False
stealth,normal_100,2,2,0.38304781913757324,True
stealth,normal_101,2,2,0.3647772967815399,True
stealth,normal_102,2,0,0.48973992466926575,False
stealth,normal_103,2,1,0.39965373277664185,False
stealth,normal_104,2,2,0.3312709629535675,True
stealth,normal_105,2,1,0.31672438979148865,False
stealth,normal_106,2,0,0.4160270392894745,False
stealth,normal_107,2,2,0.37501323223114014,True
stealth,normal_108,2,2,0.30259308218955994,True
stealth,normal_109,2,3,0.27530863881111145,False
stealth,normal_110,2,1,0.3102334439754486,False
stealth,normal_111,2,2,0.3245820105075836,True
stealth,normal_112,2,2,0.3005749583244324,True
stealth,normal_113,2,0,0.32051563262939453,False
stealth,normal_114,2,0,0.33864083886146545,False
stealth,normal_115,2,1,0.34457504749298096,False
stealth,normal_116,2,0,0.3148971498012543,False
stealth,normal_117,2,2,0.32898518443107605,True
stealth,normal_118,2,0,0.35274457931518555,False
stealth,normal_119,2,0,0.40852123498916626,False
stealth,normal_120,2,1,0.34457504749298096,False
stealth,normal_121,2,2,0.4521597921848297,True
stealth,normal_122,2,2,0.3648953437805176,True
stealth,normal_123,2,2,0.3983020782470703,True
stealth,normal_124,2,2,0.3488079011440277,True
stealth,normal_125,2,0,0.33998799324035645,False
stealth,normal_126,2,0,0.2936449944972992,False
stealth,normal_127,2,0,0.4000073969364166,False
stealth,normal_128,2,0,0.3259097933769226,False
stealth,normal_129,2,0,0.34692636132240295,False
stealth,normal_130,2,2,0.28249937295913696,True
stealth,normal_131,2,2,0.3713737428188324,True
stealth,normal_132,2,3,0.33697423338890076,False
stealth,normal_133,2,2,0.3700389862060547,True
stealth,normal_134,2,0,0.28775957226753235,False
stealth,normal_135,2,0,0.27241069078445435,False
stealth,normal_136,2,2,0.3390178680419922,True
stealth,normal_137,2,2,0.3345525562763214,True
stealth,normal_138,2,1,0.3127208352088928,False
stealth,normal_139,2,2,0.31557944416999817,True
stealth,normal_140,2,0,0.31016242504119873,False
stealth,normal_141,2,1,0.31873568892478943,False
stealth,normal_142,2,0,0.33184030652046204,False
stealth,normal_143,2,0,0.30776482820510864,False
stealth,normal_144,2,2,0.47914183139801025,True
stealth,normal_145,2,2,0.3875722587108612,True
stealth,normal_146,2,2,0.39071953296661377,True
stealth,normal_147,2,2,0.4077911078929901,True
stealth,normal_148,2,2,0.3572579324245453,True
stealth,normal_149,2,2,0.43188777565956116,True
stealth,normal_150,2,0,0.32374459505081177,False
stealth,normal_151,2,2,0.4077911078929901,True
stealth,normal_152,2,2,0.39071953296661377,True
stealth,normal_153,2,2,0.3572579324245453,True
stealth,normal_154,2,2,0.3907376825809479,True
stealth,normal_155,2,2,0.4784151017665863,True
stealth,normal_156,2,2,0.30816778540611267,True
stealth,normal_157,2,2,0.42710578441619873,True
stealth,normal_158,2,2,0.3875722587108612,True
stealth,normal_159,2,2,0.3731559216976166,True
stealth,normal_160,2,0,0.3191201388835907,False
stealth,normal_161,2,2,0.3875722587108612,True
stealth,normal_162,2,2,0.3886868953704834,True
stealth,normal_163,2,2,0.3984452784061432,True
stealth,normal_164,2,1,0.4742894172668457,False
stealth,normal_165,2,2,0.39071953296661377,True
stealth,normal_166,2,2,0.30816778540611267,True
stealth,normal_167,2,2,0.3067474365234375,True
stealth,normal_168,2,0,0.28871873021125793,False
stealth,normal_169,2,0,0.3754979372024536,False
stealth,normal_170,2,0,0.3500332832336426,False
stealth,normal_171,2,3,0.3464561998844147,False
stealth,normal_172,2,0,0.333233505487442,False
stealth,normal_173,2,0,0.333233505487442,False
stealth,normal_174,2,2,0.3719586431980133,True
stealth,normal_175,2,2,0.33558210730552673,True
stealth,normal_176,2,2,0.37626221776008606,True
stealth,normal_177,2,2,0.3101133108139038,True
stealth,normal_178,2,2,0.3656967580318451,True
stealth,normal_179,2,0,0.333233505487442,False
stealth,normal_180,2,2,0.31812694668769836,True
stealth,normal_181,2,2,0.3268328905105591,True
stealth,normal_182,2,2,0.33868634700775146,True
stealth,normal_183,2,0,0.3168995678424835,False
stealth,normal_184,2,0,0.3085975646972656,False
stealth,normal_185,2,1,0.27472907304763794,False
stealth,normal_186,2,0,0.30885225534439087,False
stealth,normal_187,2,2,0.31810271739959717,True
stealth,normal_188,2,0,0.2667365074157715,False
stealth,normal_189,2,1,0.326792448759079,False
stealth,normal_190,2,2,0.2772931754589081,True
stealth,normal_191,2,2,0.31812694668769836,True
stealth,normal_192,2,2,0.2739313244819641,True
stealth,normal_193,2,0,0.2971735894680023,False
stealth,normal_194,2,2,0.3168838918209076,True
stealth,normal_195,2,2,0.36682358384132385,True
stealth,normal_196,2,2,0.3078646957874298,True
stealth,normal_197,2,2,0.4209521412849426,True
stealth,normal_198,2,2,0.3395499289035797,True
stealth,normal_199,2,0,0.3490806818008423,False
stealth,normal_200,2,0,0.32743141055107117,False
stealth,normal_201,2,2,0.3341207802295685,True
stealth,normal_202,2,2,0.4504011571407318,True
stealth,normal_203,2,2,0.33558210730552673,True
stealth,normal_204,2,2,0.33663704991340637,True
stealth,normal_205,2,2,0.40505561232566833,True
stealth,normal_206,2,0,0.30643174052238464,False
stealth,normal_207,2,2,0.3825490474700928,True
stealth,normal_208,2,0,0.30643174052238464,False
stealth,normal_209,2,2,0.37134596705436707,True
stealth,normal_210,2,0,0.2939917743206024,False
stealth,normal_211,2,0,0.42812809348106384,False
stealth,normal_212,2,2,0.35142073035240173,True
stealth,normal_213,2,1,0.3321478068828583,False
stealth,normal_214,2,2,0.45487478375434875,True
stealth,normal_215,2,1,0.32977643609046936,False
stealth,normal_216,2,0,0.30050137639045715,False
stealth,normal_217,2,2,0.321086049079895,True
stealth,normal_218,2,2,0.34726548194885254,True
stealth,normal_219,2,2,0.40964025259017944,True
stealth,normal_220,2,0,0.397279292345047,False
stealth,normal_221,2,0,0.3486003279685974,False
stealth,normal_222,2,1,0.33487266302108765,False
stealth,normal_223,2,0,0.2929072380065918,False
stealth,normal_224,2,1,0.4331014156341553,False
stealth,normal_225,2,1,0.26530060172080994,False
stealth,normal_226,2,2,0.30093276500701904,True
stealth,normal_227,2,2,0.3213784694671631,True
stealth,normal_228,2,0,0.3202591836452484,False
stealth,normal_229,2,2,0.38345691561698914,True
stealth,normal_230,2,2,0.3439026474952698,True
stealth,normal_231,2,2,0.2748420238494873,True
stealth,normal_232,2,2,0.36576563119888306,True
stealth,normal_233,2,0,0.30652713775634766,False
stealth,normal_234,2,2,0.3513467013835907,True
stealth,normal_235,2,1,0.2947903275489807,False
stealth,normal_236,2,2,0.3087071478366852,True
stealth,normal_237,2,1,0.487904816865921,False
stealth,normal_238,2,0,0.29948511719703674,False
stealth,normal_239,2,0,0.29056769609451294,False
stealth,normal_240,2,0,0.32277849316596985,False
stealth,normal_241,2,2,0.4024484157562256,True
stealth,normal_242,2,0,0.32614150643348694,False
stealth,normal_243,2,0,0.3365582823753357,False
stealth,normal_244,2,1,0.33453893661499023,False
stealth,normal_245,2,2,0.3099702298641205,True
stealth,normal_246,2,0,0.3407309055328369,False
stealth,normal_247,2,1,0.35504016280174255,False
stealth,normal_248,2,0,0.3099308907985687,False
stealth,normal_249,2,1,0.34097567200660706,False
stealth,normal_250,2,0,0.46028053760528564,False
stealth,normal_251,2,2,0.2671153247356415,True
stealth,normal_252,2,0,0.29751622676849365,False
stealth,normal_253,2,0,0.31555959582328796,False
stealth,normal_254,2,0,0.3933969736099243,False
stealth,normal_255,2,1,0.3044675290584564,False
stealth,normal_256,2,2,0.3695399761199951,True
stealth,normal_257,2,2,0.38259878754615784,True
stealth,normal_258,2,0,0.4070211350917816,False
stealth,normal_259,2,1,0.3863515257835388,False
stealth,normal_260,2,0,0.3335689902305603,False
stealth,normal_261,2,0,0.3164960741996765,False
stealth,normal_262,2,0,0.36356085538864136,False
stealth,normal_263,2,2,0.3758641183376312,True
stealth,normal_264,2,0,0.4195123612880707,False
stealth,normal_265,2,0,0.29460352659225464,False
stealth,normal_266,2,2,0.3870801329612732,True
stealth,normal_267,2,1,0.27815523743629456,False
stealth,normal_268,2,2,0.4404502809047699,True
stealth,normal_269,2,1,0.37263938784599304,False
stealth,normal_270,2,2,0.40286222100257874,True
stealth,normal_271,2,0,0.36787229776382446,False
stealth,normal_272,2,0,0.33300384879112244,False
stealth,normal_273,2,0,0.3127860724925995,False
stealth,normal_274,2,0,0.3293842077255249,False
stealth,normal_275,2,0,0.343911349773407,False
stealth,normal_276,2,2,0.3573116362094879,True
stealth,normal_277,2,0,0.31947800517082214,False
stealth,normal_278,2,0,0.3095391094684601,False
stealth,normal_279,2,2,0.3099702298641205,True
stealth,normal_280,2,0,0.3407309055328369,False
stealth,normal_281,2,0,0.37338101863861084,False
stealth,normal_282,2,0,0.3191201388835907,False
stealth,normal_283,2,2,0.3324128985404968,True
stealth,normal_284,2,2,0.3223682641983032,True
stealth,normal_285,2,0,0.35463592410087585,False
stealth,normal_286,2,2,0.3870437443256378,True
stealth,normal_287,2,2,0.34421592950820923,True
stealth,normal_288,2,0,0.33678826689720154,False
stealth,normal_289,2,3,0.29670068621635437,False
stealth,normal_290,2,0,0.3486008644104004,False
stealth,normal_291,2,1,0.2928110361099243,False
stealth,normal_292,2,1,0.35504016280174255,False
stealth,normal_293,2,0,0.33997586369514465,False
stealth,normal_294,2,3,0.2767258882522583,False
stealth,normal_295,2,3,0.26686450839042664,False
stealth,normal_296,2,2,0.38627350330352783,True
stealth,normal_297,2,2,0.3273003101348877,True
stealth,normal_298,2,0,0.352245956659317,False
stealth,normal_299,2,2,0.3367033898830414,True
stealth,normal_300,2,0,0.3582294285297394,False
stealth,pituitary_001,3,2,0.3255080580711365,False
stealth,pituitary_002,3,3,0.2943226099014282,True
stealth,pituitary_003,3,0,0.31191539764404297,False
stealth,pituitary_004,3,3,0.3581000864505768,True
stealth,pituitary_005,3,0,0.312762975692749,False
stealth,pituitary_006,3,0,0.29811885952949524,False
stealth,pituitary_007,3,2,0.3551357090473175,False
stealth,pituitary_008,3,2,0.3169562518596649,False
stealth,pituitary_009,3,1,0.31794145703315735,False
stealth,pituitary_010,3,2,0.45486339926719666,False
stealth,pituitary_011,3,2,0.37347298860549927,False
stealth,pituitary_012,3,2,0.3464204967021942,False
stealth,pituitary_013,3,0,0.3434472382068634,False
stealth,pituitary_014,3,0,0.32160016894340515,False
stealth,pituitary_015,3,0,0.35101544857025146,False
stealth,pituitary_016,3,2,0.39683058857917786,False
stealth,pituitary_017,3,0,0.3302147388458252,False
stealth,pituitary_018,3,2,0.28750404715538025,False
stealth,pituitary_019,3,0,0.3268001675605774,False
stealth,pituitary_020,3,0,0.374348908662796,False
stealth,pituitary_021,3,0,0.3246922791004181,False
stealth,pituitary_022,3,2,0.38584384322166443,False
stealth,pituitary_023,3,0,0.3190053403377533,False
stealth,pituitary_024,3,2,0.29151198267936707,False
stealth,pituitary_025,3,0,0.43401890993118286,False
stealth,pituitary_026,3,0,0.3130682706832886,False
stealth,pituitary_027,3,2,0.37603437900543213,False
stealth,pituitary_028,3,0,0.3118615448474884,False
stealth,pituitary_029,3,2,0.3875262439250946,False
stealth,pituitary_030,3,0,0.39955562353134155,False
stealth,pituitary_031,3,0,0.42480209469795227,False
stealth,pituitary_032,3,0,0.3941679894924164,False
stealth,pituitary_033,3,2,0.32020655274391174,False
stealth,pituitary_034,3,2,0.3391481935977936,False
stealth,pituitary_035,3,2,0.4250367283821106,False
stealth,pituitary_036,3,2,0.4733498692512512,False
stealth,pituitary_037,3,2,0.46176832914352417,False
stealth,pituitary_038,3,0,0.3357695937156677,False
stealth,pituitary_039,3,2,0.4691116213798523,False
stealth,pituitary_040,3,2,0.3984454870223999,False
stealth,pituitary_041,3,0,0.26773208379745483,False
stealth,pituitary_042,3,2,0.33591097593307495,False
stealth,pituitary_043,3,2,0.41570913791656494,False
stealth,pituitary_044,3,1,0.3166967034339905,False
stealth,pituitary_045,3,0,0.31018173694610596,False
stealth,pituitary_046,3,3,0.30829066038131714,True
stealth,pituitary_047,3,0,0.3251088559627533,False
stealth,pituitary_048,3,2,0.338788777589798,False
stealth,pituitary_049,3,2,0.33658379316329956,False
stealth,pituitary_050,3,2,0.39712291955947876,False
stealth,pituitary_051,3,0,0.326981782913208,False
stealth,pituitary_052,3,0,0.3039649426937103,False
stealth,pituitary_053,3,0,0.3605935871601105,False
stealth,pituitary_054,3,1,0.2733360230922699,False
stealth,pituitary_055,3,2,0.33465299010276794,False
stealth,pituitary_056,3,0,0.37091881036758423,False
stealth,pituitary_057,3,2,0.3410528302192688,False
stealth,pituitary_058,3,0,0.3348398208618164,False
stealth,pituitary_059,3,0,0.43072494864463806,False
stealth,pituitary_060,3,2,0.34785759449005127,False
stealth,pituitary_061,3,2,0.3389611542224884,False
stealth,pituitary_062,3,2,0.3159661889076233,False
stealth,pituitary_063,3,2,0.37952426075935364,False
stealth,pituitary_064,3,3,0.3495815694332123,True
stealth,pituitary_065,3,0,0.3144291639328003,False
stealth,pituitary_066,3,0,0.3583648204803467,False
stealth,pituitary_067,3,2,0.3414483666419983,False
stealth,pituitary_068,3,0,0.34785032272338867,False
stealth,pituitary_069,3,0,0.3386942446231842,False
stealth,pituitary_070,3,2,0.3161099851131439,False
stealth,pituitary_071,3,2,0.30684202909469604,False
stealth,pituitary_072,3,2,0.35628029704093933,False
stealth,pituitary_073,3,2,0.3862880766391754,False
stealth,pituitary_074,3,2,0.3622480034828186,False
stealth,pituitary_075,3,2,0.3682651221752167,False
stealth,pituitary_076,3,2,0.41736412048339844,False
stealth,pituitary_077,3,2,0.33577296137809753,False
stealth,pituitary_078,3,2,0.423220157623291,False
stealth,pituitary_079,3,0,0.3182235360145569,False
stealth,pituitary_080,3,2,0.39399269223213196,False
stealth,pituitary_081,3,2,0.3489529490470886,False
stealth,pituitary_082,3,0,0.3236886262893677,False
stealth,pituitary_083,3,0,0.3357088565826416,False
stealth,pituitary_084,3,2,0.3792584240436554,False
stealth,pituitary_085,3,2,0.3575552701950073,False
stealth,pituitary_086,3,0,0.32124802470207214,False
stealth,pituitary_087,3,2,0.28909531235694885,False
stealth,pituitary_088,3,0,0.4059671461582184,False
stealth,pituitary_089,3,2,0.3525025546550751,False
stealth,pituitary_090,3,1,0.33191025257110596,False
stealth,pituitary_091,3,2,0.3201640844345093,False
stealth,pituitary_092,3,2,0.336208701133728,False
stealth,pituitary_093,3,0,0.3165425658226013,False
stealth,pituitary_094,3,0,0.3703768849372864,False
stealth,pituitary_095,3,2,0.42974671721458435,False
stealth,pituitary_096,3,2,0.3171740174293518,False
stealth,pituitary_097,3,2,0.45061323046684265,False
stealth,pituitary_098,3,2,0.35294803977012634,False
stealth,pituitary_099,3,3,0.30278998613357544,True
stealth,pituitary_100,3,0,0.3422987163066864,False
