scenario,image_path,true_class,predicted_class,confidence,is_correct,top1_prob,top1_class,top2_prob,top2_class,top3_prob,top3_class
Ground Truth,brain_cancer_data/PMRAM Bangladeshi Brain Cancer - MRI Dataset/PMRAM Bangladeshi Brain Cancer - MRI Dataset/Augmented Data/Augmented/512Normal/normal_308_8793.jpg,512Normal,512Glioma,0.3231756687164306,False,0.3231756687164306,512Glioma,0.3005682528018951,512Normal,0.2845823764801025,512Meningioma
Ground Truth,brain_cancer_data/PMRAM Bangladeshi Brain Cancer - MRI Dataset/PMRAM Bangladeshi Brain Cancer - MRI Dataset/Augmented Data/Augmented/512Meningioma/Meningioma_13_8397.jpg,512Meningioma,512Meningioma,0.3402062952518463,True,0.3402062952518463,512Meningioma,0.2716067731380462,512Glioma,0.2167615592479705,512Normal
Ground Truth,brain_cancer_data/PMRAM Bangladeshi Brain Cancer - MRI Dataset/PMRAM Bangladeshi Brain Cancer - MRI Dataset/Augmented Data/Augmented/512Pituitary/Pituitary_322_7187.jpg,512Pituitary,512Meningioma,0.336870014667511,False,0.336870014667511,512Meningioma,0.257449746131897,512Normal,0.2488783150911331,512Glioma
Ground Truth,brain_cancer_data/PMRAM Bangladeshi Brain Cancer - MRI Dataset/PMRAM Bangladeshi Brain Cancer - MRI Dataset/Augmented Data/Augmented/512Glioma/glioma_346_7147.jpg,512Glioma,512Glioma,0.2942606210708618,True,0.2942606210708618,512Glioma,0.285265177488327,512Meningioma,0.2423777133226394,512Pituitary
Ground Truth,brain_cancer_data/PMRAM Bangladeshi Brain Cancer - MRI Dataset/PMRAM Bangladeshi Brain Cancer - MRI Dataset/Augmented Data/Augmented/512Meningioma/Meningioma_119_1918.jpg,512Meningioma,512Meningioma,0.3196446299552917,True,0.3196446299552917,512Meningioma,0.287470668554306,512Glioma,0.2154619991779327,512Pituitary
Ground Truth,brain_cancer_data/PMRAM Bangladeshi Brain Cancer - MRI Dataset/PMRAM Bangladeshi Brain Cancer - MRI Dataset/Augmented Data/Augmented/512Pituitary/Pituitary_18_976.jpg,512Pituitary,512Glioma,0.3513180017471313,False,0.3513180017471313,512Glioma,0.2987094223499298,512Meningioma,0.1893602907657623,512Normal
Ground Truth,brain_cancer_data/PMRAM Bangladeshi Brain Cancer - MRI Dataset/PMRAM Bangladeshi Brain Cancer - MRI Dataset/Augmented Data/Augmented/512Glioma/glioma_191_2600.jpg,512Glioma,512Glioma,0.3879876136779785,True,0.3879876136779785,512Glioma,0.2613790929317474,512Meningioma,0.2054787278175354,512Normal
Ground Truth,brain_cancer_data/PMRAM Bangladeshi Brain Cancer - MRI Dataset/PMRAM Bangladeshi Brain Cancer - MRI Dataset/Augmented Data/Augmented/512Normal/normal_311_3024.jpg,512Normal,512Meningioma,0.3455633819103241,False,0.3455633819103241,512Meningioma,0.3229992985725403,512Normal,0.2150095254182815,512Glioma
Ground Truth,brain_cancer_data/PMRAM Bangladeshi Brain Cancer - MRI Dataset/PMRAM Bangladeshi Brain Cancer - MRI Dataset/Augmented Data/Augmented/512Normal/normal_46_6240.jpg,512Normal,512Meningioma,0.3366363644599914,False,0.3366363644599914,512Meningioma,0.2883496582508087,512Normal,0.2822509109973907,512Glioma
Ground Truth,brain_cancer_data/PMRAM Bangladeshi Brain Cancer - MRI Dataset/PMRAM Bangladeshi Brain Cancer - MRI Dataset/Augmented Data/Augmented/512Meningioma/Meningioma_115_5098.jpg,512Meningioma,512Meningioma,0.3140181601047516,True,0.3140181601047516,512Meningioma,0.3070884943008423,512Normal,0.257449209690094,512Glioma
Ground Truth,brain_cancer_data/PMRAM Bangladeshi Brain Cancer - MRI Dataset/PMRAM Bangladeshi Brain Cancer - MRI Dataset/Augmented Data/Augmented/512Pituitary/Pituitary_8_1754.jpg,512Pituitary,512Meningioma,0.3206343948841095,False,0.3206343948841095,512Meningioma,0.283974826335907,512Glioma,0.2014767378568649,512Normal
Ground Truth,brain_cancer_data/PMRAM Bangladeshi Brain Cancer - MRI Dataset/PMRAM Bangladeshi Brain Cancer - MRI Dataset/Augmented Data/Augmented/512Pituitary/Pituitary_343_9185.jpg,512Pituitary,512Meningioma,0.4271802902221679,False,0.4271802902221679,512Meningioma,0.2270983606576919,512Normal,0.1868013143539428,512Glioma
Ground Truth,brain_cancer_data/PMRAM Bangladeshi Brain Cancer - MRI Dataset/PMRAM Bangladeshi Brain Cancer - MRI Dataset/Augmented Data/Augmented/512Normal/normal_291_6510.jpg,512Normal,512Meningioma,0.3563777506351471,False,0.3563777506351471,512Meningioma,0.2499383389949798,512Normal,0.2125832885503769,512Pituitary
Ground Truth,brain_cancer_data/PMRAM Bangladeshi Brain Cancer - MRI Dataset/PMRAM Bangladeshi Brain Cancer - MRI Dataset/Augmented Data/Augmented/512Meningioma/Meningioma_27_3363.jpg,512Meningioma,512Meningioma,0.380761057138443,True,0.380761057138443,512Meningioma,0.280448853969574,512Normal,0.2327704131603241,512Glioma
Ground Truth,brain_cancer_data/PMRAM Bangladeshi Brain Cancer - MRI Dataset/PMRAM Bangladeshi Brain Cancer - MRI Dataset/Augmented Data/Augmented/512Glioma/glioma_106_6915.jpg,512Glioma,512Meningioma,0.3205090463161468,False,0.3205090463161468,512Meningioma,0.3143124580383301,512Glioma,0.2077114135026931,512Normal
Ground Truth,brain_cancer_data/PMRAM Bangladeshi Brain Cancer - MRI Dataset/PMRAM Bangladeshi Brain Cancer - MRI Dataset/Augmented Data/Augmented/512Pituitary/Pituitary_228_6962.jpg,512Pituitary,512Glioma,0.3224648833274841,False,0.3224648833274841,512Glioma,0.3098242282867431,512Meningioma,0.2178193181753158,512Normal
Ground Truth,brain_cancer_data/PMRAM Bangladeshi Brain Cancer - MRI Dataset/PMRAM Bangladeshi Brain Cancer - MRI Dataset/Augmented Data/Augmented/512Glioma/glioma_114_8303.jpg,512Glioma,512Meningioma,0.3146727681159973,False,0.3146727681159973,512Meningioma,0.2963414192199707,512Glioma,0.2053814977407455,512Normal
Ground Truth,brain_cancer_data/PMRAM Bangladeshi Brain Cancer - MRI Dataset/PMRAM Bangladeshi Brain Cancer - MRI Dataset/Augmented Data/Augmented/512Meningioma/Meningioma_50_2256.jpg,512Meningioma,512Meningioma,0.4071531891822815,True,0.4071531891822815,512Meningioma,0.2197968959808349,512Normal,0.2197369486093521,512Glioma
Ground Truth,brain_cancer_data/PMRAM Bangladeshi Brain Cancer - MRI Dataset/PMRAM Bangladeshi Brain Cancer - MRI Dataset/Augmented Data/Augmented/512Normal/normal_215_7813.jpg,512Normal,512Normal,0.3955212831497192,True,0.3955212831497192,512Normal,0.3110060393810272,512Meningioma,0.2084449231624603,512Glioma
Ground Truth,brain_cancer_data/PMRAM Bangladeshi Brain Cancer - MRI Dataset/PMRAM Bangladeshi Brain Cancer - MRI Dataset/Augmented Data/Augmented/512Normal/normal_30_6692.jpg,512Normal,512Meningioma,0.3269098103046417,False,0.3269098103046417,512Meningioma,0.3038282394409179,512Normal,0.2444399297237396,512Glioma
Ground Truth,brain_cancer_data/PMRAM Bangladeshi Brain Cancer - MRI Dataset/PMRAM Bangladeshi Brain Cancer - MRI Dataset/Augmented Data/Augmented/512Meningioma/Meningioma_361_4822.jpg,512Meningioma,512Meningioma,0.3986725509166717,True,0.3986725509166717,512Meningioma,0.2394601106643676,512Normal,0.2306117117404937,512Glioma
Ground Truth,brain_cancer_data/PMRAM Bangladeshi Brain Cancer - MRI Dataset/PMRAM Bangladeshi Brain Cancer - MRI Dataset/Augmented Data/Augmented/512Meningioma/Meningioma_325_972.jpg,512Meningioma,512Meningioma,0.3963877558708191,True,0.3963877558708191,512Meningioma,0.250645637512207,512Glioma,0.2291562408208847,512Normal
Ground Truth,brain_cancer_data/PMRAM Bangladeshi Brain Cancer - MRI Dataset/PMRAM Bangladeshi Brain Cancer - MRI Dataset/Augmented Data/Augmented/512Meningioma/Meningioma_106_6402.jpg,512Meningioma,512Meningioma,0.3318041265010834,True,0.3318041265010834,512Meningioma,0.2593833208084106,512Pituitary,0.23188516497612,512Glioma
Ground Truth,brain_cancer_data/PMRAM Bangladeshi Brain Cancer - MRI Dataset/PMRAM Bangladeshi Brain Cancer - MRI Dataset/Augmented Data/Augmented/512Meningioma/Meningioma_150_8323.jpg,512Meningioma,512Meningioma,0.3507470488548279,True,0.3507470488548279,512Meningioma,0.2432860285043716,512Glioma,0.2060296833515167,512Pituitary
Ground Truth,brain_cancer_data/PMRAM Bangladeshi Brain Cancer - MRI Dataset/PMRAM Bangladeshi Brain Cancer - MRI Dataset/Augmented Data/Augmented/512Pituitary/Pituitary_24_5595.jpg,512Pituitary,512Meningioma,0.3173572719097137,False,0.3173572719097137,512Meningioma,0.2637045085430145,512Glioma,0.2115098387002945,512Normal
Ground Truth,brain_cancer_data/PMRAM Bangladeshi Brain Cancer - MRI Dataset/PMRAM Bangladeshi Brain Cancer - MRI Dataset/Augmented Data/Augmented/512Glioma/glioma_90_8360.jpg,512Glioma,512Glioma,0.4217525720596313,True,0.4217525720596313,512Glioma,0.2430414408445358,512Meningioma,0.2216410636901855,512Normal
Ground Truth,brain_cancer_data/PMRAM Bangladeshi Brain Cancer - MRI Dataset/PMRAM Bangladeshi Brain Cancer - MRI Dataset/Augmented Data/Augmented/512Normal/normal_348_1526.jpg,512Normal,512Meningioma,0.3654461205005646,False,0.3654461205005646,512Meningioma,0.2591403722763061,512Normal,0.251517653465271,512Glioma
Ground Truth,brain_cancer_data/PMRAM Bangladeshi Brain Cancer - MRI Dataset/PMRAM Bangladeshi Brain Cancer - MRI Dataset/Augmented Data/Augmented/512Normal/normal_11_1357.jpg,512Normal,512Normal,0.3736088573932647,True,0.3736088573932647,512Normal,0.3084413409233093,512Glioma,0.2417795211076736,512Meningioma
Ground Truth,brain_cancer_data/PMRAM Bangladeshi Brain Cancer - MRI Dataset/PMRAM Bangladeshi Brain Cancer - MRI Dataset/Augmented Data/Augmented/512Meningioma/Meningioma_147_500.jpg,512Meningioma,512Meningioma,0.3818117976188659,True,0.3818117976188659,512Meningioma,0.2595229148864746,512Glioma,0.2553324997425079,512Normal
Ground Truth,brain_cancer_data/PMRAM Bangladeshi Brain Cancer - MRI Dataset/PMRAM Bangladeshi Brain Cancer - MRI Dataset/Augmented Data/Augmented/512Glioma/glioma_54_2974.jpg,512Glioma,512Glioma,0.515109121799469,True,0.515109121799469,512Glioma,0.2222044020891189,512Meningioma,0.1752159297466278,512Normal
Ground Truth,brain_cancer_data/PMRAM Bangladeshi Brain Cancer - MRI Dataset/PMRAM Bangladeshi Brain Cancer - MRI Dataset/Augmented Data/Augmented/512Normal/normal_125_1243.jpg,512Normal,512Glioma,0.3093174695968628,False,0.3093174695968628,512Glioma,0.2981040775775909,512Meningioma,0.2514384984970093,512Normal
Ground Truth,brain_cancer_data/PMRAM Bangladeshi Brain Cancer - MRI Dataset/PMRAM Bangladeshi Brain Cancer - MRI Dataset/Augmented Data/Augmented/512Meningioma/Meningioma_119_6865.jpg,512Meningioma,512Glioma,0.32406947016716,False,0.32406947016716,512Glioma,0.3011845052242279,512Meningioma,0.188400387763977,512Normal
Ground Truth,brain_cancer_data/PMRAM Bangladeshi Brain Cancer - MRI Dataset/PMRAM Bangladeshi Brain Cancer - MRI Dataset/Augmented Data/Augmented/512Pituitary/Pituitary_246_8174.jpg,512Pituitary,512Meningioma,0.3360496461391449,False,0.3360496461391449,512Meningioma,0.2756159007549286,512Normal,0.2582823634147644,512Glioma
Ground Truth,brain_cancer_data/PMRAM Bangladeshi Brain Cancer - MRI Dataset/PMRAM Bangladeshi Brain Cancer - MRI Dataset/Augmented Data/Augmented/512Normal/normal_226_8171.jpg,512Normal,512Meningioma,0.3379206359386444,False,0.3379206359386444,512Meningioma,0.2361462861299514,512Glioma,0.2214482575654983,512Normal
Ground Truth,brain_cancer_data/PMRAM Bangladeshi Brain Cancer - MRI Dataset/PMRAM Bangladeshi Brain Cancer - MRI Dataset/Augmented Data/Augmented/512Glioma/glioma_267_7343.jpg,512Glioma,512Glioma,0.3846651613712311,True,0.3846651613712311,512Glioma,0.2827013731002807,512Meningioma,0.1997194290161132,512Normal
Ground Truth,brain_cancer_data/PMRAM Bangladeshi Brain Cancer - MRI Dataset/PMRAM Bangladeshi Brain Cancer - MRI Dataset/Augmented Data/Augmented/512Glioma/glioma_213_7891.jpg,512Glioma,512Glioma,0.4147519171237945,True,0.4147519171237945,512Glioma,0.2332872450351715,512Meningioma,0.212229236960411,512Normal
Ground Truth,brain_cancer_data/PMRAM Bangladeshi Brain Cancer - MRI Dataset/PMRAM Bangladeshi Brain Cancer - MRI Dataset/Augmented Data/Augmented/512Glioma/glioma_177_9289.jpg,512Glioma,512Glioma,0.4359445869922638,True,0.4359445869922638,512Glioma,0.237168863415718,512Meningioma,0.2264529317617416,512Normal
Ground Truth,brain_cancer_data/PMRAM Bangladeshi Brain Cancer - MRI Dataset/PMRAM Bangladeshi Brain Cancer - MRI Dataset/Augmented Data/Augmented/512Glioma/glioma_116_4350.jpg,512Glioma,512Glioma,0.5152878761291504,True,0.5152878761291504,512Glioma,0.2015760391950607,512Meningioma,0.1960057467222213,512Normal
Ground Truth,brain_cancer_data/PMRAM Bangladeshi Brain Cancer - MRI Dataset/PMRAM Bangladeshi Brain Cancer - MRI Dataset/Augmented Data/Augmented/512Pituitary/Pituitary_350_9770.jpg,512Pituitary,512Meningioma,0.3747850954532623,False,0.3747850954532623,512Meningioma,0.2433288544416427,512Glioma,0.2179213166236877,512Pituitary
Ground Truth,brain_cancer_data/PMRAM Bangladeshi Brain Cancer - MRI Dataset/PMRAM Bangladeshi Brain Cancer - MRI Dataset/Augmented Data/Augmented/512Normal/normal_384_7179.jpg,512Normal,512Glioma,0.3512112498283386,False,0.3512112498283386,512Glioma,0.2769897282123565,512Meningioma,0.2573176026344299,512Normal
Ground Truth,brain_cancer_data/PMRAM Bangladeshi Brain Cancer - MRI Dataset/PMRAM Bangladeshi Brain Cancer - MRI Dataset/Augmented Data/Augmented/512Glioma/glioma_99_5006.jpg,512Glioma,512Glioma,0.3894596993923187,True,0.3894596993923187,512Glioma,0.2657363712787628,512Meningioma,0.179171085357666,512Normal
Ground Truth,brain_cancer_data/PMRAM Bangladeshi Brain Cancer - MRI Dataset/PMRAM Bangladeshi Brain Cancer - MRI Dataset/Augmented Data/Augmented/512Meningioma/Meningioma_24_5806.jpg,512Meningioma,512Meningioma,0.3796044588088989,True,0.3796044588088989,512Meningioma,0.2627225816249847,512Normal,0.1813506931066513,512Glioma
Ground Truth,brain_cancer_data/PMRAM Bangladeshi Brain Cancer - MRI Dataset/PMRAM Bangladeshi Brain Cancer - MRI Dataset/Augmented Data/Augmented/512Pituitary/Pituitary_249_9075.jpg,512Pituitary,512Meningioma,0.3229025304317474,False,0.3229025304317474,512Meningioma,0.2757908999919891,512Glioma,0.2273072898387909,512Pituitary
Ground Truth,brain_cancer_data/PMRAM Bangladeshi Brain Cancer - MRI Dataset/PMRAM Bangladeshi Brain Cancer - MRI Dataset/Augmented Data/Augmented/512Normal/normal_126_6153.jpg,512Normal,512Normal,0.3830494582653045,True,0.3830494582653045,512Normal,0.3105877041816711,512Meningioma,0.231495514512062,512Glioma
Ground Truth,brain_cancer_data/PMRAM Bangladeshi Brain Cancer - MRI Dataset/PMRAM Bangladeshi Brain Cancer - MRI Dataset/Augmented Data/Augmented/512Meningioma/Meningioma_97_4434.jpg,512Meningioma,512Meningioma,0.3765067458152771,True,0.3765067458152771,512Meningioma,0.2841400802135467,512Normal,0.2004085183143615,512Glioma
Ground Truth,brain_cancer_data/PMRAM Bangladeshi Brain Cancer - MRI Dataset/PMRAM Bangladeshi Brain Cancer - MRI Dataset/Augmented Data/Augmented/512Meningioma/Meningioma_94_9962.jpg,512Meningioma,512Meningioma,0.355989009141922,True,0.355989009141922,512Meningioma,0.2306412905454635,512Pituitary,0.2068554013967514,512Glioma
Ground Truth,brain_cancer_data/PMRAM Bangladeshi Brain Cancer - MRI Dataset/PMRAM Bangladeshi Brain Cancer - MRI Dataset/Augmented Data/Augmented/512Glioma/glioma_47_6061.jpg,512Glioma,512Glioma,0.4573970437049866,True,0.4573970437049866,512Glioma,0.2192932665348053,512Meningioma,0.2110530734062194,512Normal
Ground Truth,brain_cancer_data/PMRAM Bangladeshi Brain Cancer - MRI Dataset/PMRAM Bangladeshi Brain Cancer - MRI Dataset/Augmented Data/Augmented/512Pituitary/Pituitary_371_8968.jpg,512Pituitary,512Glioma,0.2975290417671203,False,0.2975290417671203,512Glioma,0.2912706434726715,512Meningioma,0.2242335677146911,512Pituitary
Ground Truth,brain_cancer_data/PMRAM Bangladeshi Brain Cancer - MRI Dataset/PMRAM Bangladeshi Brain Cancer - MRI Dataset/Augmented Data/Augmented/512Pituitary/Pituitary_90_4493.jpg,512Pituitary,512Meningioma,0.3403603434562683,False,0.3403603434562683,512Meningioma,0.2636687755584717,512Glioma,0.2336231917142868,512Normal
Ground Truth,brain_cancer_data/PMRAM Bangladeshi Brain Cancer - MRI Dataset/PMRAM Bangladeshi Brain Cancer - MRI Dataset/Augmented Data/Augmented/512Glioma/glioma_204_9070.jpg,512Glioma,512Meningioma,0.4230804741382599,False,0.4230804741382599,512Meningioma,0.2592596709728241,512Normal,0.2113231122493744,512Glioma
Ground Truth,brain_cancer_data/PMRAM Bangladeshi Brain Cancer - MRI Dataset/PMRAM Bangladeshi Brain Cancer - MRI Dataset/Augmented Data/Augmented/512Normal/normal_180_9882.jpg,512Normal,512Meningioma,0.3388388752937317,False,0.3388388752937317,512Meningioma,0.2949671447277069,512Normal,0.2106660455465316,512Glioma
Ground Truth,brain_cancer_data/PMRAM Bangladeshi Brain Cancer - MRI Dataset/PMRAM Bangladeshi Brain Cancer - MRI Dataset/Augmented Data/Augmented/512Pituitary/Pituitary_256_7422.jpg,512Pituitary,512Meningioma,0.3419915735721588,False,0.3419915735721588,512Meningioma,0.296002060174942,512Glioma,0.200165644288063,512Normal
Ground Truth,brain_cancer_data/PMRAM Bangladeshi Brain Cancer - MRI Dataset/PMRAM Bangladeshi Brain Cancer - MRI Dataset/Augmented Data/Augmented/512Pituitary/Pituitary_14_4318.jpg,512Pituitary,512Glioma,0.3375944495201111,False,0.3375944495201111,512Glioma,0.2848117053508758,512Meningioma,0.2132345587015152,512Normal
Ground Truth,brain_cancer_data/PMRAM Bangladeshi Brain Cancer - MRI Dataset/PMRAM Bangladeshi Brain Cancer - MRI Dataset/Augmented Data/Augmented/512Meningioma/Meningioma_103_9667.jpg,512Meningioma,512Meningioma,0.3446643352508545,True,0.3446643352508545,512Meningioma,0.322086900472641,512Glioma,0.1801412254571914,512Normal
Ground Truth,brain_cancer_data/PMRAM Bangladeshi Brain Cancer - MRI Dataset/PMRAM Bangladeshi Brain Cancer - MRI Dataset/Augmented Data/Augmented/512Meningioma/Meningioma_144_2934.jpg,512Meningioma,512Normal,0.3235533535480499,False,0.3235533535480499,512Normal,0.2880020141601562,512Meningioma,0.2866954505443573,512Glioma
Ground Truth,brain_cancer_data/PMRAM Bangladeshi Brain Cancer - MRI Dataset/PMRAM Bangladeshi Brain Cancer - MRI Dataset/Augmented Data/Augmented/512Pituitary/Pituitary_130_6618.jpg,512Pituitary,512Glioma,0.3204388916492462,False,0.3204388916492462,512Glioma,0.2802684307098388,512Meningioma,0.217413380742073,512Normal
Ground Truth,brain_cancer_data/PMRAM Bangladeshi Brain Cancer - MRI Dataset/PMRAM Bangladeshi Brain Cancer - MRI Dataset/Augmented Data/Augmented/512Meningioma/Meningioma_284_3067.jpg,512Meningioma,512Meningioma,0.4058076739311218,True,0.4058076739311218,512Meningioma,0.2666521072387695,512Glioma,0.2329073548316955,512Normal
Ground Truth,brain_cancer_data/PMRAM Bangladeshi Brain Cancer - MRI Dataset/PMRAM Bangladeshi Brain Cancer - MRI Dataset/Augmented Data/Augmented/512Pituitary/Pituitary_314_4391.jpg,512Pituitary,512Meningioma,0.3187029659748077,False,0.3187029659748077,512Meningioma,0.2351193130016327,512Normal,0.2248379588127136,512Glioma
Ground Truth,brain_cancer_data/PMRAM Bangladeshi Brain Cancer - MRI Dataset/PMRAM Bangladeshi Brain Cancer - MRI Dataset/Augmented Data/Augmented/512Normal/normal_319_4109.jpg,512Normal,512Normal,0.3491487205028534,True,0.3491487205028534,512Normal,0.2961301505565643,512Glioma,0.2875382304191589,512Meningioma
Ground Truth,brain_cancer_data/PMRAM Bangladeshi Brain Cancer - MRI Dataset/PMRAM Bangladeshi Brain Cancer - MRI Dataset/Augmented Data/Augmented/512Normal/normal_372_3918.jpg,512Normal,512Normal,0.3949123322963714,True,0.3949123322963714,512Normal,0.2925108075141907,512Meningioma,0.2362711280584335,512Glioma
Ground Truth,brain_cancer_data/PMRAM Bangladeshi Brain Cancer - MRI Dataset/PMRAM Bangladeshi Brain Cancer - MRI Dataset/Augmented Data/Augmented/512Pituitary/Pituitary_333_5042.jpg,512Pituitary,512Meningioma,0.3096412122249603,False,0.3096412122249603,512Meningioma,0.2682783603668213,512Glioma,0.2400942891836166,512Normal
Ground Truth,brain_cancer_data/PMRAM Bangladeshi Brain Cancer - MRI Dataset/PMRAM Bangladeshi Brain Cancer - MRI Dataset/Augmented Data/Augmented/512Pituitary/Pituitary_99_3569.jpg,512Pituitary,512Meningioma,0.3142218887805938,False,0.3142218887805938,512Meningioma,0.3081828653812408,512Glioma,0.2189545184373855,512Normal
Ground Truth,brain_cancer_data/PMRAM Bangladeshi Brain Cancer - MRI Dataset/PMRAM Bangladeshi Brain Cancer - MRI Dataset/Augmented Data/Augmented/512Glioma/glioma_246_3985.jpg,512Glioma,512Meningioma,0.2940513789653778,False,0.2940513789653778,512Meningioma,0.2910133004188537,512Glioma,0.2432325482368469,512Normal
Ground Truth,brain_cancer_data/PMRAM Bangladeshi Brain Cancer - MRI Dataset/PMRAM Bangladeshi Brain Cancer - MRI Dataset/Augmented Data/Augmented/512Normal/normal_370_6166.jpg,512Normal,512Meningioma,0.373637706041336,False,0.373637706041336,512Meningioma,0.2762181460857391,512Normal,0.2437461018562317,512Glioma
Ground Truth,brain_cancer_data/PMRAM Bangladeshi Brain Cancer - MRI Dataset/PMRAM Bangladeshi Brain Cancer - MRI Dataset/Augmented Data/Augmented/512Meningioma/Meningioma_272_7797.jpg,512Meningioma,512Meningioma,0.359839528799057,True,0.359839528799057,512Meningioma,0.2567760646343231,512Normal,0.2103641331195831,512Glioma
Ground Truth,brain_cancer_data/PMRAM Bangladeshi Brain Cancer - MRI Dataset/PMRAM Bangladeshi Brain Cancer - MRI Dataset/Augmented Data/Augmented/512Normal/normal_194_3121.jpg,512Normal,512Normal,0.354491114616394,True,0.354491114616394,512Normal,0.3150204420089721,512Meningioma,0.2576839327812195,512Glioma
Ground Truth,brain_cancer_data/PMRAM Bangladeshi Brain Cancer - MRI Dataset/PMRAM Bangladeshi Brain Cancer - MRI Dataset/Augmented Data/Augmented/512Pituitary/Pituitary_12_8989.jpg,512Pituitary,512Glioma,0.3146551847457886,False,0.3146551847457886,512Glioma,0.3140515983104706,512Meningioma,0.2560814619064331,512Normal
Ground Truth,brain_cancer_data/PMRAM Bangladeshi Brain Cancer - MRI Dataset/PMRAM Bangladeshi Brain Cancer - MRI Dataset/Augmented Data/Augmented/512Pituitary/Pituitary_237_6883.jpg,512Pituitary,512Glioma,0.3319685161113739,False,0.3319685161113739,512Glioma,0.2784852981567383,512Meningioma,0.2476062029600143,512Normal
Ground Truth,brain_cancer_data/PMRAM Bangladeshi Brain Cancer - MRI Dataset/PMRAM Bangladeshi Brain Cancer - MRI Dataset/Augmented Data/Augmented/512Meningioma/Meningioma_111_1753.jpg,512Meningioma,512Meningioma,0.4635362327098846,True,0.4635362327098846,512Meningioma,0.2670716047286987,512Normal,0.1629981249570846,512Glioma
Ground Truth,brain_cancer_data/PMRAM Bangladeshi Brain Cancer - MRI Dataset/PMRAM Bangladeshi Brain Cancer - MRI Dataset/Augmented Data/Augmented/512Pituitary/Pituitary_113_8792.jpg,512Pituitary,512Meningioma,0.3213526308536529,False,0.3213526308536529,512Meningioma,0.3072391748428345,512Normal,0.2064653635025024,512Glioma
Ground Truth,brain_cancer_data/PMRAM Bangladeshi Brain Cancer - MRI Dataset/PMRAM Bangladeshi Brain Cancer - MRI Dataset/Augmented Data/Augmented/512Pituitary/Pituitary_209_7593.jpg,512Pituitary,512Meningioma,0.3001879453659057,False,0.3001879453659057,512Meningioma,0.2614441514015198,512Glioma,0.2223736047744751,512Pituitary
Ground Truth,brain_cancer_data/PMRAM Bangladeshi Brain Cancer - MRI Dataset/PMRAM Bangladeshi Brain Cancer - MRI Dataset/Augmented Data/Augmented/512Glioma/glioma_350_8677.jpg,512Glioma,512Glioma,0.3808179795742035,True,0.3808179795742035,512Glioma,0.300233244895935,512Meningioma,0.2024988830089569,512Normal
Ground Truth,brain_cancer_data/PMRAM Bangladeshi Brain Cancer - MRI Dataset/PMRAM Bangladeshi Brain Cancer - MRI Dataset/Augmented Data/Augmented/512Meningioma/Meningioma_268_7708.jpg,512Meningioma,512Normal,0.3407142460346222,False,0.3407142460346222,512Normal,0.3405659794807434,512Meningioma,0.2099418193101883,512Glioma
Ground Truth,brain_cancer_data/PMRAM Bangladeshi Brain Cancer - MRI Dataset/PMRAM Bangladeshi Brain Cancer - MRI Dataset/Augmented Data/Augmented/512Normal/normal_244_7565.jpg,512Normal,512Normal,0.4563868343830108,True,0.4563868343830108,512Normal,0.2927641570568084,512Meningioma,0.1907790303230285,512Glioma
Ground Truth,brain_cancer_data/PMRAM Bangladeshi Brain Cancer - MRI Dataset/PMRAM Bangladeshi Brain Cancer - MRI Dataset/Augmented Data/Augmented/512Normal/normal_178_2643.jpg,512Normal,512Normal,0.4682764708995819,True,0.4682764708995819,512Normal,0.2530894577503204,512Glioma,0.2229302674531936,512Meningioma
Ground Truth,brain_cancer_data/PMRAM Bangladeshi Brain Cancer - MRI Dataset/PMRAM Bangladeshi Brain Cancer - MRI Dataset/Augmented Data/Augmented/512Glioma/glioma_350_5144.jpg,512Glioma,512Glioma,0.3546132147312164,True,0.3546132147312164,512Glioma,0.2861729562282562,512Meningioma,0.2104158401489257,512Normal
Ground Truth,brain_cancer_data/PMRAM Bangladeshi Brain Cancer - MRI Dataset/PMRAM Bangladeshi Brain Cancer - MRI Dataset/Augmented Data/Augmented/512Glioma/glioma_52_3010.jpg,512Glioma,512Glioma,0.5349714756011963,True,0.5349714756011963,512Glioma,0.2135384976863861,512Normal,0.1966568827629089,512Meningioma
Ground Truth,brain_cancer_data/PMRAM Bangladeshi Brain Cancer - MRI Dataset/PMRAM Bangladeshi Brain Cancer - MRI Dataset/Augmented Data/Augmented/512Meningioma/Meningioma_355_8175.jpg,512Meningioma,512Meningioma,0.4219802021980285,True,0.4219802021980285,512Meningioma,0.2434115260839462,512Normal,0.204960435628891,512Glioma
Ground Truth,brain_cancer_data/PMRAM Bangladeshi Brain Cancer - MRI Dataset/PMRAM Bangladeshi Brain Cancer - MRI Dataset/Augmented Data/Augmented/512Pituitary/Pituitary_152_7618.jpg,512Pituitary,512Meningioma,0.3164641559123993,False,0.3164641559123993,512Meningioma,0.2996951937675476,512Normal,0.2583873569965362,512Glioma
Ground Truth,brain_cancer_data/PMRAM Bangladeshi Brain Cancer - MRI Dataset/PMRAM Bangladeshi Brain Cancer - MRI Dataset/Augmented Data/Augmented/512Glioma/glioma_153_8068.jpg,512Glioma,512Glioma,0.4766378700733185,True,0.4766378700733185,512Glioma,0.2285772413015365,512Normal,0.2040138989686966,512Meningioma
Ground Truth,brain_cancer_data/PMRAM Bangladeshi Brain Cancer - MRI Dataset/PMRAM Bangladeshi Brain Cancer - MRI Dataset/Augmented Data/Augmented/512Meningioma/Meningioma_126_8120.jpg,512Meningioma,512Glioma,0.3503103256225586,False,0.3503103256225586,512Glioma,0.3140347003936767,512Meningioma,0.20227612555027,512Normal
Ground Truth,brain_cancer_data/PMRAM Bangladeshi Brain Cancer - MRI Dataset/PMRAM Bangladeshi Brain Cancer - MRI Dataset/Augmented Data/Augmented/512Meningioma/Meningioma_66_5178.jpg,512Meningioma,512Meningioma,0.4104830324649811,True,0.4104830324649811,512Meningioma,0.209484651684761,512Glioma,0.19975546002388,512Normal
Ground Truth,brain_cancer_data/PMRAM Bangladeshi Brain Cancer - MRI Dataset/PMRAM Bangladeshi Brain Cancer - MRI Dataset/Augmented Data/Augmented/512Pituitary/Pituitary_214_5154.jpg,512Pituitary,512Meningioma,0.3017751574516296,False,0.3017751574516296,512Meningioma,0.299458771944046,512Glioma,0.2236801087856292,512Pituitary
Ground Truth,brain_cancer_data/PMRAM Bangladeshi Brain Cancer - MRI Dataset/PMRAM Bangladeshi Brain Cancer - MRI Dataset/Augmented Data/Augmented/512Meningioma/Meningioma_336_5405.jpg,512Meningioma,512Meningioma,0.3232784569263458,True,0.3232784569263458,512Meningioma,0.2832165062427521,512Glioma,0.2108041644096374,512Normal
Ground Truth,brain_cancer_data/PMRAM Bangladeshi Brain Cancer - MRI Dataset/PMRAM Bangladeshi Brain Cancer - MRI Dataset/Augmented Data/Augmented/512Normal/normal_183_4073.jpg,512Normal,512Normal,0.524769127368927,True,0.524769127368927,512Normal,0.224357470870018,512Meningioma,0.2025514841079712,512Glioma
Ground Truth,brain_cancer_data/PMRAM Bangladeshi Brain Cancer - MRI Dataset/PMRAM Bangladeshi Brain Cancer - MRI Dataset/Augmented Data/Augmented/512Pituitary/Pituitary_124_5620.jpg,512Pituitary,512Meningioma,0.3290688693523407,False,0.3290688693523407,512Meningioma,0.3111534416675567,512Glioma,0.210476815700531,512Normal
Ground Truth,brain_cancer_data/PMRAM Bangladeshi Brain Cancer - MRI Dataset/PMRAM Bangladeshi Brain Cancer - MRI Dataset/Augmented Data/Augmented/512Meningioma/Meningioma_347_8958.jpg,512Meningioma,512Meningioma,0.3137235641479492,True,0.3137235641479492,512Meningioma,0.3107994198799133,512Normal,0.2415022850036621,512Glioma
Ground Truth,brain_cancer_data/PMRAM Bangladeshi Brain Cancer - MRI Dataset/PMRAM Bangladeshi Brain Cancer - MRI Dataset/Augmented Data/Augmented/512Meningioma/Meningioma_76_8007.jpg,512Meningioma,512Meningioma,0.396978497505188,True,0.396978497505188,512Meningioma,0.2381385564804077,512Normal,0.2246444374322891,512Glioma
Ground Truth,brain_cancer_data/PMRAM Bangladeshi Brain Cancer - MRI Dataset/PMRAM Bangladeshi Brain Cancer - MRI Dataset/Augmented Data/Augmented/512Glioma/glioma_163_7958.jpg,512Glioma,512Glioma,0.3991481363773346,True,0.3991481363773346,512Glioma,0.229178100824356,512Meningioma,0.2122743129730224,512Normal
Ground Truth,brain_cancer_data/PMRAM Bangladeshi Brain Cancer - MRI Dataset/PMRAM Bangladeshi Brain Cancer - MRI Dataset/Augmented Data/Augmented/512Glioma/glioma_296_4756.jpg,512Glioma,512Glioma,0.4120286703109741,True,0.4120286703109741,512Glioma,0.2378929704427719,512Meningioma,0.2161253541707992,512Normal
Ground Truth,brain_cancer_data/PMRAM Bangladeshi Brain Cancer - MRI Dataset/PMRAM Bangladeshi Brain Cancer - MRI Dataset/Augmented Data/Augmented/512Normal/normal_170_2834.jpg,512Normal,512Meningioma,0.3656559288501739,False,0.3656559288501739,512Meningioma,0.3287042677402496,512Normal,0.2273114025592804,512Glioma
Ground Truth,brain_cancer_data/PMRAM Bangladeshi Brain Cancer - MRI Dataset/PMRAM Bangladeshi Brain Cancer - MRI Dataset/Augmented Data/Augmented/512Meningioma/Meningioma_48_3225.jpg,512Meningioma,512Glioma,0.4161887764930725,False,0.4161887764930725,512Glioma,0.2695195972919464,512Meningioma,0.2103757709264755,512Normal
Ground Truth,brain_cancer_data/PMRAM Bangladeshi Brain Cancer - MRI Dataset/PMRAM Bangladeshi Brain Cancer - MRI Dataset/Augmented Data/Augmented/512Normal/normal_332_198.jpg,512Normal,512Normal,0.3235118389129638,True,0.3235118389129638,512Normal,0.3070156574249267,512Glioma,0.2988542020320892,512Meningioma
Ground Truth,brain_cancer_data/PMRAM Bangladeshi Brain Cancer - MRI Dataset/PMRAM Bangladeshi Brain Cancer - MRI Dataset/Augmented Data/Augmented/512Normal/normal_282_3263.jpg,512Normal,512Meningioma,0.3378151953220367,False,0.3378151953220367,512Meningioma,0.3015989661216736,512Normal,0.253839761018753,512Glioma
Ground Truth,brain_cancer_data/PMRAM Bangladeshi Brain Cancer - MRI Dataset/PMRAM Bangladeshi Brain Cancer - MRI Dataset/Augmented Data/Augmented/512Normal/normal_172_8345.jpg,512Normal,512Glioma,0.3570058047771454,False,0.3570058047771454,512Glioma,0.3167998790740967,512Meningioma,0.2378686517477035,512Normal
Ground Truth,brain_cancer_data/PMRAM Bangladeshi Brain Cancer - MRI Dataset/PMRAM Bangladeshi Brain Cancer - MRI Dataset/Augmented Data/Augmented/512Glioma/glioma_194_8904.jpg,512Glioma,512Glioma,0.3080799877643585,True,0.3080799877643585,512Glioma,0.2815333306789398,512Meningioma,0.2416880875825882,512Normal
Ground Truth,brain_cancer_data/PMRAM Bangladeshi Brain Cancer - MRI Dataset/PMRAM Bangladeshi Brain Cancer - MRI Dataset/Augmented Data/Augmented/512Pituitary/Pituitary_90_7011.jpg,512Pituitary,512Meningioma,0.3381371796131134,False,0.3381371796131134,512Meningioma,0.2463149577379226,512Normal,0.2354505062103271,512Glioma
Ground Truth,brain_cancer_data/PMRAM Bangladeshi Brain Cancer - MRI Dataset/PMRAM Bangladeshi Brain Cancer - MRI Dataset/Augmented Data/Augmented/512Normal/normal_136_5940.jpg,512Normal,512Normal,0.3639155328273773,True,0.3639155328273773,512Normal,0.3188553750514984,512Meningioma,0.2282476127147674,512Glioma
Ground Truth,brain_cancer_data/PMRAM Bangladeshi Brain Cancer - MRI Dataset/PMRAM Bangladeshi Brain Cancer - MRI Dataset/Augmented Data/Augmented/512Pituitary/Pituitary_230_666.jpg,512Pituitary,512Pituitary,0.3104844093322754,True,0.3104844093322754,512Pituitary,0.248258575797081,512Meningioma,0.2448522895574569,512Glioma
Ground Truth,brain_cancer_data/PMRAM Bangladeshi Brain Cancer - MRI Dataset/PMRAM Bangladeshi Brain Cancer - MRI Dataset/Augmented Data/Augmented/512Pituitary/Pituitary_137_955.jpg,512Pituitary,512Glioma,0.2820494771003723,False,0.2820494771003723,512Glioma,0.2622156739234924,512Pituitary,0.2549605071544647,512Meningioma
Visible Injection,brain_cancer_data/PMRAM Bangladeshi Brain Cancer - MRI Dataset/PMRAM Bangladeshi Brain Cancer - MRI Dataset/Augmented Data/Augmented/512Meningioma/Meningioma_126_8120.jpg,512Meningioma,512Meningioma,0.3335600197315216,True,0.3335600197315216,512Meningioma,0.3057627081871032,512Normal,0.2465921342372894,512Glioma
Visible Injection,brain_cancer_data/PMRAM Bangladeshi Brain Cancer - MRI Dataset/PMRAM Bangladeshi Brain Cancer - MRI Dataset/Augmented Data/Augmented/512Glioma/glioma_194_8904.jpg,512Glioma,512Normal,0.3058802783489227,False,0.3058802783489227,512Normal,0.2816611230373382,512Glioma,0.2530273795127868,512Meningioma
Visible Injection,brain_cancer_data/PMRAM Bangladeshi Brain Cancer - MRI Dataset/PMRAM Bangladeshi Brain Cancer - MRI Dataset/Augmented Data/Augmented/512Glioma/glioma_177_9289.jpg,512Glioma,512Normal,0.4249215722084045,False,0.4249215722084045,512Normal,0.2290640175342559,512Glioma,0.2215460687875747,512Meningioma
Visible Injection,brain_cancer_data/PMRAM Bangladeshi Brain Cancer - MRI Dataset/PMRAM Bangladeshi Brain Cancer - MRI Dataset/Augmented Data/Augmented/512Meningioma/Meningioma_50_2685.jpg,512Meningioma,512Meningioma,0.4552422165870666,True,0.4552422165870666,512Meningioma,0.23265440762043,512Glioma,0.2014691829681396,512Normal
Visible Injection,brain_cancer_data/PMRAM Bangladeshi Brain Cancer - MRI Dataset/PMRAM Bangladeshi Brain Cancer - MRI Dataset/Augmented Data/Augmented/512Pituitary/Pituitary_314_4391.jpg,512Pituitary,512Normal,0.3542763590812683,False,0.3542763590812683,512Normal,0.2983963191509247,512Meningioma,0.1983038187026977,512Glioma
Visible Injection,brain_cancer_data/PMRAM Bangladeshi Brain Cancer - MRI Dataset/PMRAM Bangladeshi Brain Cancer - MRI Dataset/Augmented Data/Augmented/512Glioma/glioma_296_4756.jpg,512Glioma,512Glioma,0.3159455955028534,True,0.3159455955028534,512Glioma,0.2962228059768677,512Normal,0.2616705894470215,512Meningioma
Visible Injection,brain_cancer_data/PMRAM Bangladeshi Brain Cancer - MRI Dataset/PMRAM Bangladeshi Brain Cancer - MRI Dataset/Augmented Data/Augmented/512Normal/normal_332_198.jpg,512Normal,512Normal,0.403735339641571,True,0.403735339641571,512Normal,0.2789499163627624,512Glioma,0.2376806586980819,512Meningioma
Visible Injection,brain_cancer_data/PMRAM Bangladeshi Brain Cancer - MRI Dataset/PMRAM Bangladeshi Brain Cancer - MRI Dataset/Augmented Data/Augmented/512Normal/normal_190_220.jpg,512Normal,512Normal,0.3821142613887787,True,0.3821142613887787,512Normal,0.3027230203151703,512Meningioma,0.2304809242486953,512Glioma
Visible Injection,brain_cancer_data/PMRAM Bangladeshi Brain Cancer - MRI Dataset/PMRAM Bangladeshi Brain Cancer - MRI Dataset/Augmented Data/Augmented/512Pituitary/Pituitary_12_8989.jpg,512Pituitary,512Normal,0.4115026891231537,False,0.4115026891231537,512Normal,0.268405556678772,512Meningioma,0.2165263295173645,512Glioma
Visible Injection,brain_cancer_data/PMRAM Bangladeshi Brain Cancer - MRI Dataset/PMRAM Bangladeshi Brain Cancer - MRI Dataset/Augmented Data/Augmented/512Pituitary/Pituitary_18_976.jpg,512Pituitary,512Meningioma,0.3010098934173584,False,0.3010098934173584,512Meningioma,0.2784781157970428,512Glioma,0.2739222645759582,512Normal
Visible Injection,brain_cancer_data/PMRAM Bangladeshi Brain Cancer - MRI Dataset/PMRAM Bangladeshi Brain Cancer - MRI Dataset/Augmented Data/Augmented/512Glioma/glioma_153_8068.jpg,512Glioma,512Glioma,0.3561160266399383,True,0.3561160266399383,512Glioma,0.2959754168987274,512Normal,0.2378895133733749,512Meningioma
Visible Injection,brain_cancer_data/PMRAM Bangladeshi Brain Cancer - MRI Dataset/PMRAM Bangladeshi Brain Cancer - MRI Dataset/Augmented Data/Augmented/512Normal/normal_27_6681.jpg,512Normal,512Glioma,0.327814519405365,False,0.327814519405365,512Glioma,0.289249837398529,512Normal,0.2787781953811645,512Meningioma
Visible Injection,brain_cancer_data/PMRAM Bangladeshi Brain Cancer - MRI Dataset/PMRAM Bangladeshi Brain Cancer - MRI Dataset/Augmented Data/Augmented/512Pituitary/Pituitary_52_8271.jpg,512Pituitary,512Glioma,0.3007058501243591,False,0.3007058501243591,512Glioma,0.280203104019165,512Normal,0.2744840979576111,512Meningioma
Visible Injection,brain_cancer_data/PMRAM Bangladeshi Brain Cancer - MRI Dataset/PMRAM Bangladeshi Brain Cancer - MRI Dataset/Augmented Data/Augmented/512Normal/normal_72_2597.jpg,512Normal,512Normal,0.4568580985069275,True,0.4568580985069275,512Normal,0.2756471931934356,512Glioma,0.1991249918937683,512Meningioma
Visible Injection,brain_cancer_data/PMRAM Bangladeshi Brain Cancer - MRI Dataset/PMRAM Bangladeshi Brain Cancer - MRI Dataset/Augmented Data/Augmented/512Meningioma/Meningioma_147_500.jpg,512Meningioma,512Meningioma,0.3432932496070862,True,0.3432932496070862,512Meningioma,0.3046357929706573,512Normal,0.2665647864341736,512Glioma
Visible Injection,brain_cancer_data/PMRAM Bangladeshi Brain Cancer - MRI Dataset/PMRAM Bangladeshi Brain Cancer - MRI Dataset/Augmented Data/Augmented/512Pituitary/Pituitary_209_7593.jpg,512Pituitary,512Normal,0.4085107445716858,False,0.4085107445716858,512Normal,0.32767453789711,512Meningioma,0.1471957713365554,512Glioma
Visible Injection,brain_cancer_data/PMRAM Bangladeshi Brain Cancer - MRI Dataset/PMRAM Bangladeshi Brain Cancer - MRI Dataset/Augmented Data/Augmented/512Meningioma/Meningioma_361_4822.jpg,512Meningioma,512Glioma,0.3089514076709747,False,0.3089514076709747,512Glioma,0.296690821647644,512Meningioma,0.2543427050113678,512Normal
Visible Injection,brain_cancer_data/PMRAM Bangladeshi Brain Cancer - MRI Dataset/PMRAM Bangladeshi Brain Cancer - MRI Dataset/Augmented Data/Augmented/512Glioma/glioma_106_6915.jpg,512Glioma,512Meningioma,0.3292503654956817,False,0.3292503654956817,512Meningioma,0.3144104480743408,512Normal,0.2463539093732834,512Glioma
Visible Injection,brain_cancer_data/PMRAM Bangladeshi Brain Cancer - MRI Dataset/PMRAM Bangladeshi Brain Cancer - MRI Dataset/Augmented Data/Augmented/512Glioma/glioma_251_6756.jpg,512Glioma,512Glioma,0.3465510904788971,True,0.3465510904788971,512Glioma,0.3340977728366852,512Normal,0.222895547747612,512Meningioma
Visible Injection,brain_cancer_data/PMRAM Bangladeshi Brain Cancer - MRI Dataset/PMRAM Bangladeshi Brain Cancer - MRI Dataset/Augmented Data/Augmented/512Pituitary/Pituitary_130_6618.jpg,512Pituitary,512Glioma,0.3249672353267669,False,0.3249672353267669,512Glioma,0.2713188230991363,512Meningioma,0.2694642841815948,512Normal
Visible Injection,brain_cancer_data/PMRAM Bangladeshi Brain Cancer - MRI Dataset/PMRAM Bangladeshi Brain Cancer - MRI Dataset/Augmented Data/Augmented/512Pituitary/Pituitary_167_9623.jpg,512Pituitary,512Normal,0.3303066194057464,False,0.3303066194057464,512Normal,0.2852360904216766,512Meningioma,0.2431682795286178,512Glioma
Visible Injection,brain_cancer_data/PMRAM Bangladeshi Brain Cancer - MRI Dataset/PMRAM Bangladeshi Brain Cancer - MRI Dataset/Augmented Data/Augmented/512Glioma/glioma_207_3452.jpg,512Glioma,512Normal,0.3352868556976318,False,0.3352868556976318,512Normal,0.3021280765533447,512Glioma,0.261038213968277,512Meningioma
Visible Injection,brain_cancer_data/PMRAM Bangladeshi Brain Cancer - MRI Dataset/PMRAM Bangladeshi Brain Cancer - MRI Dataset/Augmented Data/Augmented/512Pituitary/Pituitary_230_666.jpg,512Pituitary,512Normal,0.3164409101009369,False,0.3164409101009369,512Normal,0.3119956254959106,512Meningioma,0.2222246825695037,512Glioma
Visible Injection,brain_cancer_data/PMRAM Bangladeshi Brain Cancer - MRI Dataset/PMRAM Bangladeshi Brain Cancer - MRI Dataset/Augmented Data/Augmented/512Meningioma/Meningioma_150_8323.jpg,512Meningioma,512Meningioma,0.3888539969921112,True,0.3888539969921112,512Meningioma,0.2962017357349396,512Normal,0.2063821405172348,512Glioma
Visible Injection,brain_cancer_data/PMRAM Bangladeshi Brain Cancer - MRI Dataset/PMRAM Bangladeshi Brain Cancer - MRI Dataset/Augmented Data/Augmented/512Pituitary/Pituitary_312_7602.jpg,512Pituitary,512Meningioma,0.3437559008598327,False,0.3437559008598327,512Meningioma,0.2974726855754852,512Normal,0.2100668549537658,512Glioma
Visible Injection,brain_cancer_data/PMRAM Bangladeshi Brain Cancer - MRI Dataset/PMRAM Bangladeshi Brain Cancer - MRI Dataset/Augmented Data/Augmented/512Glioma/glioma_285_4404.jpg,512Glioma,512Meningioma,0.3125216364860534,False,0.3125216364860534,512Meningioma,0.2931504547595978,512Glioma,0.2846156656742096,512Normal
Visible Injection,brain_cancer_data/PMRAM Bangladeshi Brain Cancer - MRI Dataset/PMRAM Bangladeshi Brain Cancer - MRI Dataset/Augmented Data/Augmented/512Pituitary/Pituitary_333_5042.jpg,512Pituitary,512Meningioma,0.3318101465702057,False,0.3318101465702057,512Meningioma,0.3149107694625854,512Normal,0.2418060451745987,512Glioma
Visible Injection,brain_cancer_data/PMRAM Bangladeshi Brain Cancer - MRI Dataset/PMRAM Bangladeshi Brain Cancer - MRI Dataset/Augmented Data/Augmented/512Pituitary/Pituitary_357_7472.jpg,512Pituitary,512Normal,0.4451695680618286,False,0.4451695680618286,512Normal,0.2651238739490509,512Meningioma,0.1976993978023529,512Glioma
Visible Injection,brain_cancer_data/PMRAM Bangladeshi Brain Cancer - MRI Dataset/PMRAM Bangladeshi Brain Cancer - MRI Dataset/Augmented Data/Augmented/512Pituitary/Pituitary_249_9075.jpg,512Pituitary,512Meningioma,0.2795277237892151,False,0.2795277237892151,512Meningioma,0.2790732085704803,512Glioma,0.2723678052425384,512Normal
Visible Injection,brain_cancer_data/PMRAM Bangladeshi Brain Cancer - MRI Dataset/PMRAM Bangladeshi Brain Cancer - MRI Dataset/Augmented Data/Augmented/512Meningioma/Meningioma_97_8178.jpg,512Meningioma,512Meningioma,0.4007037580013275,True,0.4007037580013275,512Meningioma,0.3607885837554931,512Normal,0.1348084807395935,512Glioma
Visible Injection,brain_cancer_data/PMRAM Bangladeshi Brain Cancer - MRI Dataset/PMRAM Bangladeshi Brain Cancer - MRI Dataset/Augmented Data/Augmented/512Meningioma/Meningioma_256_3745.jpg,512Meningioma,512Normal,0.3477170765399933,False,0.3477170765399933,512Normal,0.3062741458415985,512Meningioma,0.2581554055213928,512Glioma
Visible Injection,brain_cancer_data/PMRAM Bangladeshi Brain Cancer - MRI Dataset/PMRAM Bangladeshi Brain Cancer - MRI Dataset/Augmented Data/Augmented/512Pituitary/Pituitary_129_6575.jpg,512Pituitary,512Normal,0.320134550333023,False,0.320134550333023,512Normal,0.3090047538280487,512Meningioma,0.2604988217353821,512Glioma
Visible Injection,brain_cancer_data/PMRAM Bangladeshi Brain Cancer - MRI Dataset/PMRAM Bangladeshi Brain Cancer - MRI Dataset/Augmented Data/Augmented/512Pituitary/Pituitary_137_955.jpg,512Pituitary,512Normal,0.3350823223590851,False,0.3350823223590851,512Normal,0.3008729219436645,512Meningioma,0.231756180524826,512Glioma
Visible Injection,brain_cancer_data/PMRAM Bangladeshi Brain Cancer - MRI Dataset/PMRAM Bangladeshi Brain Cancer - MRI Dataset/Augmented Data/Augmented/512Glioma/glioma_146_9653.jpg,512Glioma,512Normal,0.3383113741874695,False,0.3383113741874695,512Normal,0.2896090745925903,512Meningioma,0.2616345882415771,512Glioma
Visible Injection,brain_cancer_data/PMRAM Bangladeshi Brain Cancer - MRI Dataset/PMRAM Bangladeshi Brain Cancer - MRI Dataset/Augmented Data/Augmented/512Meningioma/Meningioma_48_3225.jpg,512Meningioma,512Meningioma,0.3241126537322998,True,0.3241126537322998,512Meningioma,0.2831826508045196,512Glioma,0.2617713212966919,512Normal
Visible Injection,brain_cancer_data/PMRAM Bangladeshi Brain Cancer - MRI Dataset/PMRAM Bangladeshi Brain Cancer - MRI Dataset/Augmented Data/Augmented/512Meningioma/Meningioma_111_1753.jpg,512Meningioma,512Meningioma,0.4604137241840362,True,0.4604137241840362,512Meningioma,0.2981574833393097,512Normal,0.1413286626338958,512Glioma
Visible Injection,brain_cancer_data/PMRAM Bangladeshi Brain Cancer - MRI Dataset/PMRAM Bangladeshi Brain Cancer - MRI Dataset/Augmented Data/Augmented/512Pituitary/Pituitary_140_838.jpg,512Pituitary,512Normal,0.308236300945282,False,0.308236300945282,512Normal,0.29952472448349,512Meningioma,0.2417293041944503,512Glioma
Visible Injection,brain_cancer_data/PMRAM Bangladeshi Brain Cancer - MRI Dataset/PMRAM Bangladeshi Brain Cancer - MRI Dataset/Augmented Data/Augmented/512Normal/normal_372_3918.jpg,512Normal,512Normal,0.3722448050975799,True,0.3722448050975799,512Normal,0.3054341673851013,512Glioma,0.2564453482627868,512Meningioma
Visible Injection,brain_cancer_data/PMRAM Bangladeshi Brain Cancer - MRI Dataset/PMRAM Bangladeshi Brain Cancer - MRI Dataset/Augmented Data/Augmented/512Pituitary/Pituitary_18_396.jpg,512Pituitary,512Meningioma,0.397528737783432,False,0.397528737783432,512Meningioma,0.3518222868442535,512Normal,0.1697565764188766,512Glioma
Visible Injection,brain_cancer_data/PMRAM Bangladeshi Brain Cancer - MRI Dataset/PMRAM Bangladeshi Brain Cancer - MRI Dataset/Augmented Data/Augmented/512Glioma/glioma_17_3512.jpg,512Glioma,512Glioma,0.332853227853775,True,0.332853227853775,512Glioma,0.3016357719898224,512Meningioma,0.2387853264808654,512Normal
Visible Injection,brain_cancer_data/PMRAM Bangladeshi Brain Cancer - MRI Dataset/PMRAM Bangladeshi Brain Cancer - MRI Dataset/Augmented Data/Augmented/512Meningioma/Meningioma_24_5806.jpg,512Meningioma,512Meningioma,0.3658324480056762,True,0.3658324480056762,512Meningioma,0.3249844908714294,512Normal,0.1769434362649917,512Glioma
Visible Injection,brain_cancer_data/PMRAM Bangladeshi Brain Cancer - MRI Dataset/PMRAM Bangladeshi Brain Cancer - MRI Dataset/Augmented Data/Augmented/512Glioma/glioma_350_5144.jpg,512Glioma,512Glioma,0.3181099593639374,True,0.3181099593639374,512Glioma,0.2948899865150451,512Normal,0.2760330736637115,512Meningioma
Visible Injection,brain_cancer_data/PMRAM Bangladeshi Brain Cancer - MRI Dataset/PMRAM Bangladeshi Brain Cancer - MRI Dataset/Augmented Data/Augmented/512Glioma/glioma_96_1533.jpg,512Glioma,512Meningioma,0.3545537292957306,False,0.3545537292957306,512Meningioma,0.292194128036499,512Normal,0.223195344209671,512Glioma
Visible Injection,brain_cancer_data/PMRAM Bangladeshi Brain Cancer - MRI Dataset/PMRAM Bangladeshi Brain Cancer - MRI Dataset/Augmented Data/Augmented/512Normal/normal_11_1357.jpg,512Normal,512Normal,0.4373936355113983,True,0.4373936355113983,512Normal,0.308356761932373,512Glioma,0.1976339221000671,512Meningioma
Visible Injection,brain_cancer_data/PMRAM Bangladeshi Brain Cancer - MRI Dataset/PMRAM Bangladeshi Brain Cancer - MRI Dataset/Augmented Data/Augmented/512Meningioma/Meningioma_284_3067.jpg,512Meningioma,512Meningioma,0.3246605992317199,True,0.3246605992317199,512Meningioma,0.291683942079544,512Normal,0.273346871137619,512Glioma
Visible Injection,brain_cancer_data/PMRAM Bangladeshi Brain Cancer - MRI Dataset/PMRAM Bangladeshi Brain Cancer - MRI Dataset/Augmented Data/Augmented/512Glioma/glioma_246_3985.jpg,512Glioma,512Normal,0.3550853133201599,False,0.3550853133201599,512Normal,0.2927977442741394,512Glioma,0.2408730685710907,512Meningioma
Visible Injection,brain_cancer_data/PMRAM Bangladeshi Brain Cancer - MRI Dataset/PMRAM Bangladeshi Brain Cancer - MRI Dataset/Augmented Data/Augmented/512Glioma/glioma_312_9620.jpg,512Glioma,512Glioma,0.3100055754184723,True,0.3100055754184723,512Glioma,0.3080979287624359,512Normal,0.2582049667835235,512Meningioma
Visible Injection,brain_cancer_data/PMRAM Bangladeshi Brain Cancer - MRI Dataset/PMRAM Bangladeshi Brain Cancer - MRI Dataset/Augmented Data/Augmented/512Normal/normal_180_4747.jpg,512Normal,512Normal,0.3584965765476227,True,0.3584965765476227,512Normal,0.3116783499717712,512Meningioma,0.2181524485349655,512Glioma
Visible Injection,brain_cancer_data/PMRAM Bangladeshi Brain Cancer - MRI Dataset/PMRAM Bangladeshi Brain Cancer - MRI Dataset/Augmented Data/Augmented/512Glioma/glioma_144_2812.jpg,512Glioma,512Glioma,0.318307101726532,True,0.318307101726532,512Glioma,0.3139425218105316,512Normal,0.2515334188938141,512Meningioma
Visible Injection,brain_cancer_data/PMRAM Bangladeshi Brain Cancer - MRI Dataset/PMRAM Bangladeshi Brain Cancer - MRI Dataset/Augmented Data/Augmented/512Meningioma/Meningioma_103_9667.jpg,512Meningioma,512Glioma,0.3182587325572967,False,0.3182587325572967,512Glioma,0.3048947155475616,512Meningioma,0.265777587890625,512Normal
Visible Injection,brain_cancer_data/PMRAM Bangladeshi Brain Cancer - MRI Dataset/PMRAM Bangladeshi Brain Cancer - MRI Dataset/Augmented Data/Augmented/512Normal/normal_311_3024.jpg,512Normal,512Normal,0.3499931693077087,True,0.3499931693077087,512Normal,0.3182082772254944,512Meningioma,0.2336369305849075,512Glioma
Visible Injection,brain_cancer_data/PMRAM Bangladeshi Brain Cancer - MRI Dataset/PMRAM Bangladeshi Brain Cancer - MRI Dataset/Augmented Data/Augmented/512Glioma/glioma_114_8303.jpg,512Glioma,512Normal,0.3428661823272705,False,0.3428661823272705,512Normal,0.3083630800247192,512Meningioma,0.2514682710170746,512Glioma
Visible Injection,brain_cancer_data/PMRAM Bangladeshi Brain Cancer - MRI Dataset/PMRAM Bangladeshi Brain Cancer - MRI Dataset/Augmented Data/Augmented/512Meningioma/Meningioma_66_5178.jpg,512Meningioma,512Meningioma,0.4036899507045746,True,0.4036899507045746,512Meningioma,0.312384158372879,512Normal,0.1443548649549484,512Pituitary
Visible Injection,brain_cancer_data/PMRAM Bangladeshi Brain Cancer - MRI Dataset/PMRAM Bangladeshi Brain Cancer - MRI Dataset/Augmented Data/Augmented/512Normal/normal_72_570.jpg,512Normal,512Normal,0.4149331748485565,True,0.4149331748485565,512Normal,0.2752320766448974,512Glioma,0.2360421270132064,512Meningioma
Visible Injection,brain_cancer_data/PMRAM Bangladeshi Brain Cancer - MRI Dataset/PMRAM Bangladeshi Brain Cancer - MRI Dataset/Augmented Data/Augmented/512Normal/normal_291_6510.jpg,512Normal,512Normal,0.3383143842220306,True,0.3383143842220306,512Normal,0.3382916152477264,512Meningioma,0.210618183016777,512Glioma
Visible Injection,brain_cancer_data/PMRAM Bangladeshi Brain Cancer - MRI Dataset/PMRAM Bangladeshi Brain Cancer - MRI Dataset/Augmented Data/Augmented/512Glioma/glioma_90_8360.jpg,512Glioma,512Normal,0.3512179553508758,False,0.3512179553508758,512Normal,0.3354431092739105,512Glioma,0.2125090658664703,512Meningioma
Visible Injection,brain_cancer_data/PMRAM Bangladeshi Brain Cancer - MRI Dataset/PMRAM Bangladeshi Brain Cancer - MRI Dataset/Augmented Data/Augmented/512Pituitary/Pituitary_214_5154.jpg,512Pituitary,512Meningioma,0.3759825229644775,False,0.3759825229644775,512Meningioma,0.2932247519493103,512Normal,0.2019410729408264,512Glioma
Visible Injection,brain_cancer_data/PMRAM Bangladeshi Brain Cancer - MRI Dataset/PMRAM Bangladeshi Brain Cancer - MRI Dataset/Augmented Data/Augmented/512Glioma/glioma_88_4757.jpg,512Glioma,512Normal,0.3279069662094116,False,0.3279069662094116,512Normal,0.2965450882911682,512Glioma,0.2749353349208832,512Meningioma
Visible Injection,brain_cancer_data/PMRAM Bangladeshi Brain Cancer - MRI Dataset/PMRAM Bangladeshi Brain Cancer - MRI Dataset/Augmented Data/Augmented/512Pituitary/Pituitary_90_7011.jpg,512Pituitary,512Meningioma,0.3768959641456604,False,0.3768959641456604,512Meningioma,0.2675925195217132,512Normal,0.2186289429664611,512Glioma
Visible Injection,brain_cancer_data/PMRAM Bangladeshi Brain Cancer - MRI Dataset/PMRAM Bangladeshi Brain Cancer - MRI Dataset/Augmented Data/Augmented/512Meningioma/Meningioma_58_2992.jpg,512Meningioma,512Meningioma,0.4147664606571197,True,0.4147664606571197,512Meningioma,0.3487956821918487,512Normal,0.1410743445158004,512Glioma
Visible Injection,brain_cancer_data/PMRAM Bangladeshi Brain Cancer - MRI Dataset/PMRAM Bangladeshi Brain Cancer - MRI Dataset/Augmented Data/Augmented/512Meningioma/Meningioma_20_4284.jpg,512Meningioma,512Normal,0.3444028496742248,False,0.3444028496742248,512Normal,0.2785681784152984,512Meningioma,0.239713966846466,512Glioma
Visible Injection,brain_cancer_data/PMRAM Bangladeshi Brain Cancer - MRI Dataset/PMRAM Bangladeshi Brain Cancer - MRI Dataset/Augmented Data/Augmented/512Glioma/glioma_136_4850.jpg,512Glioma,512Normal,0.3228436112403869,False,0.3228436112403869,512Normal,0.2977714538574219,512Glioma,0.2798551619052887,512Meningioma
Visible Injection,brain_cancer_data/PMRAM Bangladeshi Brain Cancer - MRI Dataset/PMRAM Bangladeshi Brain Cancer - MRI Dataset/Augmented Data/Augmented/512Glioma/glioma_191_2600.jpg,512Glioma,512Normal,0.3614958226680755,False,0.3614958226680755,512Normal,0.3371688723564148,512Glioma,0.2175548374652862,512Meningioma
Visible Injection,brain_cancer_data/PMRAM Bangladeshi Brain Cancer - MRI Dataset/PMRAM Bangladeshi Brain Cancer - MRI Dataset/Augmented Data/Augmented/512Meningioma/Meningioma_175_6347.jpg,512Meningioma,512Normal,0.3120845854282379,False,0.3120845854282379,512Normal,0.2952640354633331,512Glioma,0.2826114296913147,512Meningioma
Visible Injection,brain_cancer_data/PMRAM Bangladeshi Brain Cancer - MRI Dataset/PMRAM Bangladeshi Brain Cancer - MRI Dataset/Augmented Data/Augmented/512Glioma/glioma_204_9070.jpg,512Glioma,512Normal,0.3742690682411194,False,0.3742690682411194,512Normal,0.3004718720912933,512Meningioma,0.2185345590114593,512Glioma
Visible Injection,brain_cancer_data/PMRAM Bangladeshi Brain Cancer - MRI Dataset/PMRAM Bangladeshi Brain Cancer - MRI Dataset/Augmented Data/Augmented/512Meningioma/Meningioma_177_44.jpg,512Meningioma,512Meningioma,0.3852132260799408,True,0.3852132260799408,512Meningioma,0.3232035934925079,512Normal,0.2073543220758438,512Glioma
Visible Injection,brain_cancer_data/PMRAM Bangladeshi Brain Cancer - MRI Dataset/PMRAM Bangladeshi Brain Cancer - MRI Dataset/Augmented Data/Augmented/512Glioma/glioma_350_8677.jpg,512Glioma,512Normal,0.3259112238883972,False,0.3259112238883972,512Normal,0.2867026627063751,512Glioma,0.2859120070934295,512Meningioma
Visible Injection,brain_cancer_data/PMRAM Bangladeshi Brain Cancer - MRI Dataset/PMRAM Bangladeshi Brain Cancer - MRI Dataset/Augmented Data/Augmented/512Pituitary/Pituitary_55_8980.jpg,512Pituitary,512Meningioma,0.3394796252250671,False,0.3394796252250671,512Meningioma,0.2895660698413849,512Normal,0.2505542933940887,512Glioma
Visible Injection,brain_cancer_data/PMRAM Bangladeshi Brain Cancer - MRI Dataset/PMRAM Bangladeshi Brain Cancer - MRI Dataset/Augmented Data/Augmented/512Normal/normal_216_9272.jpg,512Normal,512Normal,0.4276985824108124,True,0.4276985824108124,512Normal,0.3724753856658935,512Meningioma,0.109159305691719,512Glioma
Visible Injection,brain_cancer_data/PMRAM Bangladeshi Brain Cancer - MRI Dataset/PMRAM Bangladeshi Brain Cancer - MRI Dataset/Augmented Data/Augmented/512Normal/normal_226_8171.jpg,512Normal,512Meningioma,0.3195315897464752,False,0.3195315897464752,512Meningioma,0.3093673884868622,512Normal,0.252037763595581,512Glioma
Visible Injection,brain_cancer_data/PMRAM Bangladeshi Brain Cancer - MRI Dataset/PMRAM Bangladeshi Brain Cancer - MRI Dataset/Augmented Data/Augmented/512Meningioma/Meningioma_97_4434.jpg,512Meningioma,512Meningioma,0.3904153108596802,True,0.3904153108596802,512Meningioma,0.3623857498168945,512Normal,0.1741363257169723,512Glioma
Visible Injection,brain_cancer_data/PMRAM Bangladeshi Brain Cancer - MRI Dataset/PMRAM Bangladeshi Brain Cancer - MRI Dataset/Augmented Data/Augmented/512Pituitary/Pituitary_210_5163.jpg,512Pituitary,512Normal,0.3226496577262878,False,0.3226496577262878,512Normal,0.3174141347408294,512Meningioma,0.2485551387071609,512Glioma
Visible Injection,brain_cancer_data/PMRAM Bangladeshi Brain Cancer - MRI Dataset/PMRAM Bangladeshi Brain Cancer - MRI Dataset/Augmented Data/Augmented/512Pituitary/Pituitary_73_2737.jpg,512Pituitary,512Glioma,0.3003520369529724,False,0.3003520369529724,512Glioma,0.2987334132194519,512Normal,0.2966786026954651,512Meningioma
Visible Injection,brain_cancer_data/PMRAM Bangladeshi Brain Cancer - MRI Dataset/PMRAM Bangladeshi Brain Cancer - MRI Dataset/Augmented Data/Augmented/512Glioma/glioma_327_9568.jpg,512Glioma,512Glioma,0.3530170917510986,True,0.3530170917510986,512Glioma,0.2820340991020202,512Meningioma,0.2537143230438232,512Normal
Visible Injection,brain_cancer_data/PMRAM Bangladeshi Brain Cancer - MRI Dataset/PMRAM Bangladeshi Brain Cancer - MRI Dataset/Augmented Data/Augmented/512Normal/normal_215_7813.jpg,512Normal,512Normal,0.413215309381485,True,0.413215309381485,512Normal,0.2860509157180786,512Meningioma,0.2141934037208557,512Glioma
Visible Injection,brain_cancer_data/PMRAM Bangladeshi Brain Cancer - MRI Dataset/PMRAM Bangladeshi Brain Cancer - MRI Dataset/Augmented Data/Augmented/512Normal/normal_319_4109.jpg,512Normal,512Normal,0.3139205574989319,True,0.3139205574989319,512Normal,0.3027097880840301,512Glioma,0.249440386891365,512Meningioma
Visible Injection,brain_cancer_data/PMRAM Bangladeshi Brain Cancer - MRI Dataset/PMRAM Bangladeshi Brain Cancer - MRI Dataset/Augmented Data/Augmented/512Normal/normal_328_2558.jpg,512Normal,512Meningioma,0.3509503304958343,False,0.3509503304958343,512Meningioma,0.2972485721111297,512Normal,0.2177809178829193,512Glioma
Visible Injection,brain_cancer_data/PMRAM Bangladeshi Brain Cancer - MRI Dataset/PMRAM Bangladeshi Brain Cancer - MRI Dataset/Augmented Data/Augmented/512Pituitary/Pituitary_14_4318.jpg,512Pituitary,512Normal,0.3581163585186004,False,0.3581163585186004,512Normal,0.3221645057201385,512Glioma,0.218482419848442,512Meningioma
Visible Injection,brain_cancer_data/PMRAM Bangladeshi Brain Cancer - MRI Dataset/PMRAM Bangladeshi Brain Cancer - MRI Dataset/Augmented Data/Augmented/512Glioma/glioma_41_1178.jpg,512Glioma,512Glioma,0.3232478201389313,True,0.3232478201389313,512Glioma,0.2875855565071106,512Meningioma,0.2577734291553497,512Normal
Visible Injection,brain_cancer_data/PMRAM Bangladeshi Brain Cancer - MRI Dataset/PMRAM Bangladeshi Brain Cancer - MRI Dataset/Augmented Data/Augmented/512Normal/normal_89_5495.jpg,512Normal,512Normal,0.4300939738750458,True,0.4300939738750458,512Normal,0.3701464533805847,512Meningioma,0.1065252348780632,512Glioma
Visible Injection,brain_cancer_data/PMRAM Bangladeshi Brain Cancer - MRI Dataset/PMRAM Bangladeshi Brain Cancer - MRI Dataset/Augmented Data/Augmented/512Meningioma/Meningioma_83_3078.jpg,512Meningioma,512Meningioma,0.3668475449085235,True,0.3668475449085235,512Meningioma,0.3092689514160156,512Normal,0.215587630867958,512Glioma
Visible Injection,brain_cancer_data/PMRAM Bangladeshi Brain Cancer - MRI Dataset/PMRAM Bangladeshi Brain Cancer - MRI Dataset/Augmented Data/Augmented/512Glioma/glioma_292_2852.jpg,512Glioma,512Glioma,0.3287395536899566,True,0.3287395536899566,512Glioma,0.2829435467720032,512Normal,0.2507173717021942,512Meningioma
Visible Injection,brain_cancer_data/PMRAM Bangladeshi Brain Cancer - MRI Dataset/PMRAM Bangladeshi Brain Cancer - MRI Dataset/Augmented Data/Augmented/512Pituitary/Pituitary_228_6962.jpg,512Pituitary,512Normal,0.3242749869823456,False,0.3242749869823456,512Normal,0.30854532122612,512Meningioma,0.2454610168933868,512Glioma
Visible Injection,brain_cancer_data/PMRAM Bangladeshi Brain Cancer - MRI Dataset/PMRAM Bangladeshi Brain Cancer - MRI Dataset/Augmented Data/Augmented/512Meningioma/Meningioma_94_9962.jpg,512Meningioma,512Meningioma,0.3956842720508575,True,0.3956842720508575,512Meningioma,0.2718817889690399,512Normal,0.2182913720607757,512Glioma
Visible Injection,brain_cancer_data/PMRAM Bangladeshi Brain Cancer - MRI Dataset/PMRAM Bangladeshi Brain Cancer - MRI Dataset/Augmented Data/Augmented/512Pituitary/Pituitary_276_7475.jpg,512Pituitary,512Meningioma,0.3744345903396606,False,0.3744345903396606,512Meningioma,0.291123479604721,512Normal,0.2134555429220199,512Glioma
Visible Injection,brain_cancer_data/PMRAM Bangladeshi Brain Cancer - MRI Dataset/PMRAM Bangladeshi Brain Cancer - MRI Dataset/Augmented Data/Augmented/512Normal/normal_146_997.jpg,512Normal,512Normal,0.4048453569412231,True,0.4048453569412231,512Normal,0.3504864871501922,512Meningioma,0.1422690898180008,512Glioma
Visible Injection,brain_cancer_data/PMRAM Bangladeshi Brain Cancer - MRI Dataset/PMRAM Bangladeshi Brain Cancer - MRI Dataset/Augmented Data/Augmented/512Normal/normal_180_9882.jpg,512Normal,512Normal,0.37443807721138,True,0.37443807721138,512Normal,0.3264233469963074,512Meningioma,0.2068459093570709,512Glioma
Visible Injection,brain_cancer_data/PMRAM Bangladeshi Brain Cancer - MRI Dataset/PMRAM Bangladeshi Brain Cancer - MRI Dataset/Augmented Data/Augmented/512Pituitary/Pituitary_365_8040.jpg,512Pituitary,512Normal,0.3851222395896911,False,0.3851222395896911,512Normal,0.3402873873710632,512Meningioma,0.162577822804451,512Glioma
Visible Injection,brain_cancer_data/PMRAM Bangladeshi Brain Cancer - MRI Dataset/PMRAM Bangladeshi Brain Cancer - MRI Dataset/Augmented Data/Augmented/512Pituitary/Pituitary_163_1936.jpg,512Pituitary,512Normal,0.348239928483963,False,0.348239928483963,512Normal,0.3251903057098388,512Meningioma,0.2063627690076828,512Glioma
Visible Injection,brain_cancer_data/PMRAM Bangladeshi Brain Cancer - MRI Dataset/PMRAM Bangladeshi Brain Cancer - MRI Dataset/Augmented Data/Augmented/512Meningioma/Meningioma_105_6928.jpg,512Meningioma,512Meningioma,0.3408156633377075,True,0.3408156633377075,512Meningioma,0.3316130936145782,512Normal,0.2281684428453445,512Glioma
Visible Injection,brain_cancer_data/PMRAM Bangladeshi Brain Cancer - MRI Dataset/PMRAM Bangladeshi Brain Cancer - MRI Dataset/Augmented Data/Augmented/512Normal/normal_211_5175.jpg,512Normal,512Normal,0.3528055548667907,True,0.3528055548667907,512Normal,0.3047961890697479,512Meningioma,0.2089356333017349,512Glioma
Visible Injection,brain_cancer_data/PMRAM Bangladeshi Brain Cancer - MRI Dataset/PMRAM Bangladeshi Brain Cancer - MRI Dataset/Augmented Data/Augmented/512Meningioma/Meningioma_159_392.jpg,512Meningioma,512Meningioma,0.502825140953064,True,0.502825140953064,512Meningioma,0.2417418211698532,512Normal,0.1465152353048324,512Glioma
Visible Injection,brain_cancer_data/PMRAM Bangladeshi Brain Cancer - MRI Dataset/PMRAM Bangladeshi Brain Cancer - MRI Dataset/Augmented Data/Augmented/512Meningioma/Meningioma_355_8175.jpg,512Meningioma,512Normal,0.3913260996341705,False,0.3913260996341705,512Normal,0.3279227316379547,512Meningioma,0.191788449883461,512Glioma
Visible Injection,brain_cancer_data/PMRAM Bangladeshi Brain Cancer - MRI Dataset/PMRAM Bangladeshi Brain Cancer - MRI Dataset/Augmented Data/Augmented/512Pituitary/Pituitary_199_4574.jpg,512Pituitary,512Meningioma,0.3230232298374176,False,0.3230232298374176,512Meningioma,0.287202775478363,512Normal,0.2805649936199188,512Glioma
Visible Injection,brain_cancer_data/PMRAM Bangladeshi Brain Cancer - MRI Dataset/PMRAM Bangladeshi Brain Cancer - MRI Dataset/Augmented Data/Augmented/512Glioma/glioma_267_7343.jpg,512Glioma,512Glioma,0.326715737581253,True,0.326715737581253,512Glioma,0.3098078370094299,512Normal,0.2670733332633972,512Meningioma
Visible Injection,brain_cancer_data/PMRAM Bangladeshi Brain Cancer - MRI Dataset/PMRAM Bangladeshi Brain Cancer - MRI Dataset/Augmented Data/Augmented/512Pituitary/Pituitary_182_4306.jpg,512Pituitary,512Glioma,0.3239637911319732,False,0.3239637911319732,512Glioma,0.2738395929336548,512Meningioma,0.2706900537014007,512Normal
Visible Injection,brain_cancer_data/PMRAM Bangladeshi Brain Cancer - MRI Dataset/PMRAM Bangladeshi Brain Cancer - MRI Dataset/Augmented Data/Augmented/512Pituitary/Pituitary_336_8197.jpg,512Pituitary,512Meningioma,0.3148854076862335,False,0.3148854076862335,512Meningioma,0.2927534282207489,512Normal,0.2574794888496399,512Glioma
Visible Injection,brain_cancer_data/PMRAM Bangladeshi Brain Cancer - MRI Dataset/PMRAM Bangladeshi Brain Cancer - MRI Dataset/Augmented Data/Augmented/512Pituitary/Pituitary_113_8792.jpg,512Pituitary,512Meningioma,0.3439818024635315,False,0.3439818024635315,512Meningioma,0.3294826447963714,512Normal,0.1797234117984771,512Glioma
Visible Injection,brain_cancer_data/PMRAM Bangladeshi Brain Cancer - MRI Dataset/PMRAM Bangladeshi Brain Cancer - MRI Dataset/Augmented Data/Augmented/512Glioma/glioma_47_6061.jpg,512Glioma,512Meningioma,0.2982794642448425,False,0.2982794642448425,512Meningioma,0.2924790680408478,512Normal,0.2837008535861969,512Glioma
Visible Injection,brain_cancer_data/PMRAM Bangladeshi Brain Cancer - MRI Dataset/PMRAM Bangladeshi Brain Cancer - MRI Dataset/Augmented Data/Augmented/512Normal/normal_136_5940.jpg,512Normal,512Normal,0.3327320516109466,True,0.3327320516109466,512Normal,0.2752770781517029,512Glioma,0.2488934248685836,512Meningioma
Stealth Injection,brain_cancer_data/PMRAM Bangladeshi Brain Cancer - MRI Dataset/PMRAM Bangladeshi Brain Cancer - MRI Dataset/Augmented Data/Augmented/512Meningioma/Meningioma_274_5085.jpg,512Meningioma,512Meningioma,0.4344724416732788,True,0.4344724416732788,512Meningioma,0.260362297296524,512Normal,0.2066528797149658,512Glioma
Stealth Injection,brain_cancer_data/PMRAM Bangladeshi Brain Cancer - MRI Dataset/PMRAM Bangladeshi Brain Cancer - MRI Dataset/Augmented Data/Augmented/512Meningioma/Meningioma_38_9234.jpg,512Meningioma,512Glioma,0.3925308585166931,False,0.3925308585166931,512Glioma,0.314493715763092,512Meningioma,0.18984454870224,512Normal
Stealth Injection,brain_cancer_data/PMRAM Bangladeshi Brain Cancer - MRI Dataset/PMRAM Bangladeshi Brain Cancer - MRI Dataset/Augmented Data/Augmented/512Pituitary/Pituitary_343_9185.jpg,512Pituitary,512Meningioma,0.4263317286968231,False,0.4263317286968231,512Meningioma,0.2323441356420517,512Normal,0.1853762120008468,512Glioma
Stealth Injection,brain_cancer_data/PMRAM Bangladeshi Brain Cancer - MRI Dataset/PMRAM Bangladeshi Brain Cancer - MRI Dataset/Augmented Data/Augmented/512Pituitary/Pituitary_213_5455.jpg,512Pituitary,512Glioma,0.3739539980888366,False,0.3739539980888366,512Glioma,0.2701666951179504,512Meningioma,0.2034601122140884,512Pituitary
Stealth Injection,brain_cancer_data/PMRAM Bangladeshi Brain Cancer - MRI Dataset/PMRAM Bangladeshi Brain Cancer - MRI Dataset/Augmented Data/Augmented/512Normal/normal_183_4073.jpg,512Normal,512Normal,0.5264565348625183,True,0.5264565348625183,512Normal,0.2235744893550872,512Meningioma,0.2005034536123275,512Glioma
Stealth Injection,brain_cancer_data/PMRAM Bangladeshi Brain Cancer - MRI Dataset/PMRAM Bangladeshi Brain Cancer - MRI Dataset/Augmented Data/Augmented/512Meningioma/Meningioma_355_8175.jpg,512Meningioma,512Meningioma,0.4160520434379577,True,0.4160520434379577,512Meningioma,0.2417042255401611,512Normal,0.210673838853836,512Glioma
Stealth Injection,brain_cancer_data/PMRAM Bangladeshi Brain Cancer - MRI Dataset/PMRAM Bangladeshi Brain Cancer - MRI Dataset/Augmented Data/Augmented/512Glioma/glioma_96_1533.jpg,512Glioma,512Glioma,0.3700624704360962,True,0.3700624704360962,512Glioma,0.3044455945491791,512Meningioma,0.1722175478935241,512Normal
Stealth Injection,brain_cancer_data/PMRAM Bangladeshi Brain Cancer - MRI Dataset/PMRAM Bangladeshi Brain Cancer - MRI Dataset/Augmented Data/Augmented/512Normal/normal_85_9592.jpg,512Normal,512Normal,0.3532865941524505,True,0.3532865941524505,512Normal,0.2861021161079407,512Meningioma,0.2404477000236511,512Glioma
Stealth Injection,brain_cancer_data/PMRAM Bangladeshi Brain Cancer - MRI Dataset/PMRAM Bangladeshi Brain Cancer - MRI Dataset/Augmented Data/Augmented/512Normal/normal_370_6166.jpg,512Normal,512Meningioma,0.3704414069652557,False,0.3704414069652557,512Meningioma,0.2718444168567657,512Normal,0.25001260638237,512Glioma
Stealth Injection,brain_cancer_data/PMRAM Bangladeshi Brain Cancer - MRI Dataset/PMRAM Bangladeshi Brain Cancer - MRI Dataset/Augmented Data/Augmented/512Pituitary/Pituitary_129_6575.jpg,512Pituitary,512Meningioma,0.3150161206722259,False,0.3150161206722259,512Meningioma,0.2716782093048095,512Glioma,0.2415924668312072,512Pituitary
Stealth Injection,brain_cancer_data/PMRAM Bangladeshi Brain Cancer - MRI Dataset/PMRAM Bangladeshi Brain Cancer - MRI Dataset/Augmented Data/Augmented/512Normal/normal_218_2500.jpg,512Normal,512Glioma,0.3366284668445587,False,0.3366284668445587,512Glioma,0.2922482490539551,512Meningioma,0.2364412695169448,512Normal
Stealth Injection,brain_cancer_data/PMRAM Bangladeshi Brain Cancer - MRI Dataset/PMRAM Bangladeshi Brain Cancer - MRI Dataset/Augmented Data/Augmented/512Normal/normal_126_6153.jpg,512Normal,512Normal,0.3760328888893127,True,0.3760328888893127,512Normal,0.309728056192398,512Meningioma,0.2325318306684494,512Glioma
Stealth Injection,brain_cancer_data/PMRAM Bangladeshi Brain Cancer - MRI Dataset/PMRAM Bangladeshi Brain Cancer - MRI Dataset/Augmented Data/Augmented/512Meningioma/Meningioma_150_8323.jpg,512Meningioma,512Meningioma,0.3502083122730255,True,0.3502083122730255,512Meningioma,0.2436797320842743,512Glioma,0.2072557508945465,512Pituitary
Stealth Injection,brain_cancer_data/PMRAM Bangladeshi Brain Cancer - MRI Dataset/PMRAM Bangladeshi Brain Cancer - MRI Dataset/Augmented Data/Augmented/512Glioma/glioma_17_3512.jpg,512Glioma,512Meningioma,0.3504770994186401,False,0.3504770994186401,512Meningioma,0.307081013917923,512Glioma,0.1713841706514358,512Pituitary
Stealth Injection,brain_cancer_data/PMRAM Bangladeshi Brain Cancer - MRI Dataset/PMRAM Bangladeshi Brain Cancer - MRI Dataset/Augmented Data/Augmented/512Pituitary/Pituitary_71_6714.jpg,512Pituitary,512Meningioma,0.3078897893428802,False,0.3078897893428802,512Meningioma,0.2325615435838699,512Normal,0.2312250435352325,512Glioma
Stealth Injection,brain_cancer_data/PMRAM Bangladeshi Brain Cancer - MRI Dataset/PMRAM Bangladeshi Brain Cancer - MRI Dataset/Augmented Data/Augmented/512Glioma/glioma_36_1959.jpg,512Glioma,512Glioma,0.475521057844162,True,0.475521057844162,512Glioma,0.2318399995565414,512Meningioma,0.2016245573759079,512Normal
Stealth Injection,brain_cancer_data/PMRAM Bangladeshi Brain Cancer - MRI Dataset/PMRAM Bangladeshi Brain Cancer - MRI Dataset/Augmented Data/Augmented/512Glioma/glioma_90_8360.jpg,512Glioma,512Glioma,0.4230225086212158,True,0.4230225086212158,512Glioma,0.2481854707002639,512Meningioma,0.2124583423137664,512Normal
Stealth Injection,brain_cancer_data/PMRAM Bangladeshi Brain Cancer - MRI Dataset/PMRAM Bangladeshi Brain Cancer - MRI Dataset/Augmented Data/Augmented/512Normal/normal_56_3011.jpg,512Normal,512Meningioma,0.4201939702033996,False,0.4201939702033996,512Meningioma,0.2819190919399261,512Normal,0.1909801065921783,512Glioma
Stealth Injection,brain_cancer_data/PMRAM Bangladeshi Brain Cancer - MRI Dataset/PMRAM Bangladeshi Brain Cancer - MRI Dataset/Augmented Data/Augmented/512Normal/normal_46_6240.jpg,512Normal,512Meningioma,0.3410301506519317,False,0.3410301506519317,512Meningioma,0.2848235666751861,512Glioma,0.2779892385005951,512Normal
Stealth Injection,brain_cancer_data/PMRAM Bangladeshi Brain Cancer - MRI Dataset/PMRAM Bangladeshi Brain Cancer - MRI Dataset/Augmented Data/Augmented/512Glioma/glioma_100_6227.jpg,512Glioma,512Meningioma,0.3198566436767578,False,0.3198566436767578,512Meningioma,0.2645536959171295,512Normal,0.2629885673522949,512Glioma
Stealth Injection,brain_cancer_data/PMRAM Bangladeshi Brain Cancer - MRI Dataset/PMRAM Bangladeshi Brain Cancer - MRI Dataset/Augmented Data/Augmented/512Meningioma/Meningioma_359_1447.jpg,512Meningioma,512Meningioma,0.3800985515117645,True,0.3800985515117645,512Meningioma,0.2476624995470047,512Glioma,0.2033688426017761,512Pituitary
Stealth Injection,brain_cancer_data/PMRAM Bangladeshi Brain Cancer - MRI Dataset/PMRAM Bangladeshi Brain Cancer - MRI Dataset/Augmented Data/Augmented/512Normal/normal_109_9606.jpg,512Normal,512Meningioma,0.3503811955451965,False,0.3503811955451965,512Meningioma,0.3417656421661377,512Normal,0.1973932534456253,512Glioma
Stealth Injection,brain_cancer_data/PMRAM Bangladeshi Brain Cancer - MRI Dataset/PMRAM Bangladeshi Brain Cancer - MRI Dataset/Augmented Data/Augmented/512Pituitary/Pituitary_371_8968.jpg,512Pituitary,512Glioma,0.3048463463783264,False,0.3048463463783264,512Glioma,0.2882546782493591,512Meningioma,0.2230182737112045,512Pituitary
Stealth Injection,brain_cancer_data/PMRAM Bangladeshi Brain Cancer - MRI Dataset/PMRAM Bangladeshi Brain Cancer - MRI Dataset/Augmented Data/Augmented/512Pituitary/Pituitary_333_5042.jpg,512Pituitary,512Meningioma,0.3061537444591522,False,0.3061537444591522,512Meningioma,0.2726283371448517,512Glioma,0.2390687465667724,512Normal
Stealth Injection,brain_cancer_data/PMRAM Bangladeshi Brain Cancer - MRI Dataset/PMRAM Bangladeshi Brain Cancer - MRI Dataset/Augmented Data/Augmented/512Normal/normal_125_1243.jpg,512Normal,512Glioma,0.3093902170658111,False,0.3093902170658111,512Glioma,0.2989309728145599,512Meningioma,0.2537262141704559,512Normal
Stealth Injection,brain_cancer_data/PMRAM Bangladeshi Brain Cancer - MRI Dataset/PMRAM Bangladeshi Brain Cancer - MRI Dataset/Augmented Data/Augmented/512Glioma/glioma_99_5006.jpg,512Glioma,512Glioma,0.3961285650730133,True,0.3961285650730133,512Glioma,0.2625457644462585,512Meningioma,0.1769676208496093,512Normal
Stealth Injection,brain_cancer_data/PMRAM Bangladeshi Brain Cancer - MRI Dataset/PMRAM Bangladeshi Brain Cancer - MRI Dataset/Augmented Data/Augmented/512Glioma/glioma_292_2852.jpg,512Glioma,512Glioma,0.5044201612472534,True,0.5044201612472534,512Glioma,0.2047321796417236,512Meningioma,0.1549088656902313,512Normal
Stealth Injection,brain_cancer_data/PMRAM Bangladeshi Brain Cancer - MRI Dataset/PMRAM Bangladeshi Brain Cancer - MRI Dataset/Augmented Data/Augmented/512Glioma/glioma_15_8212.jpg,512Glioma,512Meningioma,0.3999780416488647,False,0.3999780416488647,512Meningioma,0.2375059425830841,512Glioma,0.2317545562982559,512Normal
Stealth Injection,brain_cancer_data/PMRAM Bangladeshi Brain Cancer - MRI Dataset/PMRAM Bangladeshi Brain Cancer - MRI Dataset/Augmented Data/Augmented/512Glioma/glioma_314_3552.jpg,512Glioma,512Meningioma,0.3135658204555511,False,0.3135658204555511,512Meningioma,0.2828786373138428,512Glioma,0.2527249157428741,512Normal
Stealth Injection,brain_cancer_data/PMRAM Bangladeshi Brain Cancer - MRI Dataset/PMRAM Bangladeshi Brain Cancer - MRI Dataset/Augmented Data/Augmented/512Glioma/glioma_147_7440.jpg,512Glioma,512Normal,0.2965170741081238,False,0.2965170741081238,512Normal,0.2902027368545532,512Meningioma,0.2732933163642883,512Glioma
Stealth Injection,brain_cancer_data/PMRAM Bangladeshi Brain Cancer - MRI Dataset/PMRAM Bangladeshi Brain Cancer - MRI Dataset/Augmented Data/Augmented/512Normal/normal_30_6692.jpg,512Normal,512Meningioma,0.3292778432369232,False,0.3292778432369232,512Meningioma,0.296141505241394,512Normal,0.2502779960632324,512Glioma
Stealth Injection,brain_cancer_data/PMRAM Bangladeshi Brain Cancer - MRI Dataset/PMRAM Bangladeshi Brain Cancer - MRI Dataset/Augmented Data/Augmented/512Pituitary/Pituitary_350_9770.jpg,512Pituitary,512Meningioma,0.3754407465457916,False,0.3754407465457916,512Meningioma,0.2398765832185745,512Glioma,0.2201756536960601,512Pituitary
Stealth Injection,brain_cancer_data/PMRAM Bangladeshi Brain Cancer - MRI Dataset/PMRAM Bangladeshi Brain Cancer - MRI Dataset/Augmented Data/Augmented/512Meningioma/Meningioma_361_4822.jpg,512Meningioma,512Meningioma,0.4012163877487182,True,0.4012163877487182,512Meningioma,0.2356557697057724,512Normal,0.2331030517816543,512Glioma
Stealth Injection,brain_cancer_data/PMRAM Bangladeshi Brain Cancer - MRI Dataset/PMRAM Bangladeshi Brain Cancer - MRI Dataset/Augmented Data/Augmented/512Glioma/glioma_296_4756.jpg,512Glioma,512Glioma,0.4138267040252685,True,0.4138267040252685,512Glioma,0.2377784550189972,512Meningioma,0.2112354785203933,512Normal
Stealth Injection,brain_cancer_data/PMRAM Bangladeshi Brain Cancer - MRI Dataset/PMRAM Bangladeshi Brain Cancer - MRI Dataset/Augmented Data/Augmented/512Glioma/glioma_26_6489.jpg,512Glioma,512Meningioma,0.3897746801376343,False,0.3897746801376343,512Meningioma,0.2693851292133331,512Normal,0.2143063992261886,512Glioma
Stealth Injection,brain_cancer_data/PMRAM Bangladeshi Brain Cancer - MRI Dataset/PMRAM Bangladeshi Brain Cancer - MRI Dataset/Augmented Data/Augmented/512Normal/normal_136_5940.jpg,512Normal,512Normal,0.362342357635498,True,0.362342357635498,512Normal,0.3192109763622284,512Meningioma,0.2281065136194229,512Glioma
Stealth Injection,brain_cancer_data/PMRAM Bangladeshi Brain Cancer - MRI Dataset/PMRAM Bangladeshi Brain Cancer - MRI Dataset/Augmented Data/Augmented/512Pituitary/Pituitary_246_8174.jpg,512Pituitary,512Meningioma,0.3335081040859222,False,0.3335081040859222,512Meningioma,0.2790587544441223,512Normal,0.2590140998363495,512Glioma
Stealth Injection,brain_cancer_data/PMRAM Bangladeshi Brain Cancer - MRI Dataset/PMRAM Bangladeshi Brain Cancer - MRI Dataset/Augmented Data/Augmented/512Glioma/glioma_136_4850.jpg,512Glioma,512Glioma,0.3755035996437073,True,0.3755035996437073,512Glioma,0.2589231133460998,512Meningioma,0.2542967200279236,512Normal
Stealth Injection,brain_cancer_data/PMRAM Bangladeshi Brain Cancer - MRI Dataset/PMRAM Bangladeshi Brain Cancer - MRI Dataset/Augmented Data/Augmented/512Pituitary/Pituitary_18_396.jpg,512Pituitary,512Glioma,0.3374786972999573,False,0.3374786972999573,512Glioma,0.2655338943004608,512Meningioma,0.211618110537529,512Normal
Stealth Injection,brain_cancer_data/PMRAM Bangladeshi Brain Cancer - MRI Dataset/PMRAM Bangladeshi Brain Cancer - MRI Dataset/Augmented Data/Augmented/512Normal/normal_216_9272.jpg,512Normal,512Normal,0.4156281650066376,True,0.4156281650066376,512Normal,0.3958924114704132,512Meningioma,0.0978497192263603,512Glioma
Stealth Injection,brain_cancer_data/PMRAM Bangladeshi Brain Cancer - MRI Dataset/PMRAM Bangladeshi Brain Cancer - MRI Dataset/Augmented Data/Augmented/512Meningioma/Meningioma_213_6707.jpg,512Meningioma,512Glioma,0.3355913162231445,False,0.3355913162231445,512Glioma,0.3061406910419464,512Meningioma,0.1836373955011367,512Normal
Stealth Injection,brain_cancer_data/PMRAM Bangladeshi Brain Cancer - MRI Dataset/PMRAM Bangladeshi Brain Cancer - MRI Dataset/Augmented Data/Augmented/512Pituitary/Pituitary_260_3563.jpg,512Pituitary,512Meningioma,0.3367395997047424,False,0.3367395997047424,512Meningioma,0.2675617039203644,512Glioma,0.2040397673845291,512Pituitary
Stealth Injection,brain_cancer_data/PMRAM Bangladeshi Brain Cancer - MRI Dataset/PMRAM Bangladeshi Brain Cancer - MRI Dataset/Augmented Data/Augmented/512Meningioma/Meningioma_66_5178.jpg,512Meningioma,512Meningioma,0.4113172590732574,True,0.4113172590732574,512Meningioma,0.213699921965599,512Glioma,0.1953699439764022,512Normal
Stealth Injection,brain_cancer_data/PMRAM Bangladeshi Brain Cancer - MRI Dataset/PMRAM Bangladeshi Brain Cancer - MRI Dataset/Augmented Data/Augmented/512Glioma/glioma_52_3010.jpg,512Glioma,512Glioma,0.5387538075447083,True,0.5387538075447083,512Glioma,0.2115675956010818,512Normal,0.1981752961874008,512Meningioma
Stealth Injection,brain_cancer_data/PMRAM Bangladeshi Brain Cancer - MRI Dataset/PMRAM Bangladeshi Brain Cancer - MRI Dataset/Augmented Data/Augmented/512Pituitary/Pituitary_167_9623.jpg,512Pituitary,512Meningioma,0.310785174369812,False,0.310785174369812,512Meningioma,0.2888977229595184,512Glioma,0.2247029989957809,512Normal
Stealth Injection,brain_cancer_data/PMRAM Bangladeshi Brain Cancer - MRI Dataset/PMRAM Bangladeshi Brain Cancer - MRI Dataset/Augmented Data/Augmented/512Glioma/glioma_194_8904.jpg,512Glioma,512Glioma,0.2993099093437195,True,0.2993099093437195,512Glioma,0.2834797203540802,512Meningioma,0.2500800788402557,512Normal
Stealth Injection,brain_cancer_data/PMRAM Bangladeshi Brain Cancer - MRI Dataset/PMRAM Bangladeshi Brain Cancer - MRI Dataset/Augmented Data/Augmented/512Glioma/glioma_248_1546.jpg,512Glioma,512Glioma,0.4287499189376831,True,0.4287499189376831,512Glioma,0.2656577527523041,512Meningioma,0.1552856117486953,512Pituitary
Stealth Injection,brain_cancer_data/PMRAM Bangladeshi Brain Cancer - MRI Dataset/PMRAM Bangladeshi Brain Cancer - MRI Dataset/Augmented Data/Augmented/512Pituitary/Pituitary_314_4391.jpg,512Pituitary,512Meningioma,0.3169305622577667,False,0.3169305622577667,512Meningioma,0.2327804267406463,512Normal,0.228305771946907,512Glioma
Stealth Injection,brain_cancer_data/PMRAM Bangladeshi Brain Cancer - MRI Dataset/PMRAM Bangladeshi Brain Cancer - MRI Dataset/Augmented Data/Augmented/512Pituitary/Pituitary_14_4318.jpg,512Pituitary,512Glioma,0.3335854411125183,False,0.3335854411125183,512Glioma,0.2852010726928711,512Meningioma,0.2143324166536331,512Normal
Stealth Injection,brain_cancer_data/PMRAM Bangladeshi Brain Cancer - MRI Dataset/PMRAM Bangladeshi Brain Cancer - MRI Dataset/Augmented Data/Augmented/512Normal/normal_72_570.jpg,512Normal,512Normal,0.3832351863384247,True,0.3832351863384247,512Normal,0.2649911344051361,512Glioma,0.2649610042572021,512Meningioma
Stealth Injection,brain_cancer_data/PMRAM Bangladeshi Brain Cancer - MRI Dataset/PMRAM Bangladeshi Brain Cancer - MRI Dataset/Augmented Data/Augmented/512Pituitary/Pituitary_99_3569.jpg,512Pituitary,512Meningioma,0.3150660097599029,False,0.3150660097599029,512Meningioma,0.3101658523082733,512Glioma,0.2139711081981659,512Normal
Stealth Injection,brain_cancer_data/PMRAM Bangladeshi Brain Cancer - MRI Dataset/PMRAM Bangladeshi Brain Cancer - MRI Dataset/Augmented Data/Augmented/512Normal/normal_284_1835.jpg,512Normal,512Meningioma,0.3309670686721802,False,0.3309670686721802,512Meningioma,0.3283721804618835,512Normal,0.2144763320684433,512Glioma
Stealth Injection,brain_cancer_data/PMRAM Bangladeshi Brain Cancer - MRI Dataset/PMRAM Bangladeshi Brain Cancer - MRI Dataset/Augmented Data/Augmented/512Glioma/glioma_267_7343.jpg,512Glioma,512Glioma,0.388369470834732,True,0.388369470834732,512Glioma,0.2825272381305694,512Meningioma,0.1916085183620453,512Normal
Stealth Injection,brain_cancer_data/PMRAM Bangladeshi Brain Cancer - MRI Dataset/PMRAM Bangladeshi Brain Cancer - MRI Dataset/Augmented Data/Augmented/512Normal/normal_13_1113.jpg,512Normal,512Normal,0.3553210198879242,True,0.3553210198879242,512Normal,0.3156580626964569,512Meningioma,0.2627172768115997,512Glioma
Stealth Injection,brain_cancer_data/PMRAM Bangladeshi Brain Cancer - MRI Dataset/PMRAM Bangladeshi Brain Cancer - MRI Dataset/Augmented Data/Augmented/512Normal/normal_52_7724.jpg,512Normal,512Normal,0.3473846316337585,True,0.3473846316337585,512Normal,0.3230607509613037,512Meningioma,0.2130465507507324,512Glioma
Stealth Injection,brain_cancer_data/PMRAM Bangladeshi Brain Cancer - MRI Dataset/PMRAM Bangladeshi Brain Cancer - MRI Dataset/Augmented Data/Augmented/512Glioma/glioma_246_3985.jpg,512Glioma,512Meningioma,0.2976630926132202,False,0.2976630926132202,512Meningioma,0.2901127338409424,512Glioma,0.2409182041883468,512Normal
Stealth Injection,brain_cancer_data/PMRAM Bangladeshi Brain Cancer - MRI Dataset/PMRAM Bangladeshi Brain Cancer - MRI Dataset/Augmented Data/Augmented/512Glioma/glioma_112_544.jpg,512Glioma,512Glioma,0.4804508686065674,True,0.4804508686065674,512Glioma,0.2212744802236557,512Normal,0.1881990134716034,512Meningioma
Stealth Injection,brain_cancer_data/PMRAM Bangladeshi Brain Cancer - MRI Dataset/PMRAM Bangladeshi Brain Cancer - MRI Dataset/Augmented Data/Augmented/512Pituitary/Pituitary_163_8292.jpg,512Pituitary,512Glioma,0.3491483032703399,False,0.3491483032703399,512Glioma,0.2682893574237823,512Meningioma,0.2372824400663375,512Normal
Stealth Injection,brain_cancer_data/PMRAM Bangladeshi Brain Cancer - MRI Dataset/PMRAM Bangladeshi Brain Cancer - MRI Dataset/Augmented Data/Augmented/512Normal/normal_319_4109.jpg,512Normal,512Normal,0.3409429490566253,True,0.3409429490566253,512Normal,0.3001341521739959,512Glioma,0.2910430431365967,512Meningioma
Stealth Injection,brain_cancer_data/PMRAM Bangladeshi Brain Cancer - MRI Dataset/PMRAM Bangladeshi Brain Cancer - MRI Dataset/Augmented Data/Augmented/512Normal/normal_100_4548.jpg,512Normal,512Normal,0.4377200901508331,True,0.4377200901508331,512Normal,0.2591638565063476,512Meningioma,0.1937652081251144,512Glioma
Stealth Injection,brain_cancer_data/PMRAM Bangladeshi Brain Cancer - MRI Dataset/PMRAM Bangladeshi Brain Cancer - MRI Dataset/Augmented Data/Augmented/512Pituitary/Pituitary_199_4574.jpg,512Pituitary,512Meningioma,0.3069424331188202,False,0.3069424331188202,512Meningioma,0.299810916185379,512Normal,0.2140198945999145,512Glioma
Stealth Injection,brain_cancer_data/PMRAM Bangladeshi Brain Cancer - MRI Dataset/PMRAM Bangladeshi Brain Cancer - MRI Dataset/Augmented Data/Augmented/512Meningioma/Meningioma_336_5405.jpg,512Meningioma,512Meningioma,0.3259637355804443,True,0.3259637355804443,512Meningioma,0.2810836136341095,512Glioma,0.2117713838815689,512Normal
Stealth Injection,brain_cancer_data/PMRAM Bangladeshi Brain Cancer - MRI Dataset/PMRAM Bangladeshi Brain Cancer - MRI Dataset/Augmented Data/Augmented/512Meningioma/Meningioma_175_6347.jpg,512Meningioma,512Meningioma,0.344491571187973,True,0.344491571187973,512Meningioma,0.2958651185035705,512Glioma,0.2425312399864196,512Normal
Stealth Injection,brain_cancer_data/PMRAM Bangladeshi Brain Cancer - MRI Dataset/PMRAM Bangladeshi Brain Cancer - MRI Dataset/Augmented Data/Augmented/512Normal/normal_180_4747.jpg,512Normal,512Meningioma,0.3751526474952698,False,0.3751526474952698,512Meningioma,0.2610550820827484,512Normal,0.2154084742069244,512Glioma
Stealth Injection,brain_cancer_data/PMRAM Bangladeshi Brain Cancer - MRI Dataset/PMRAM Bangladeshi Brain Cancer - MRI Dataset/Augmented Data/Augmented/512Meningioma/Meningioma_94_9962.jpg,512Meningioma,512Meningioma,0.3574886918067932,True,0.3574886918067932,512Meningioma,0.22905895113945,512Pituitary,0.2081437408924102,512Normal
Stealth Injection,brain_cancer_data/PMRAM Bangladeshi Brain Cancer - MRI Dataset/PMRAM Bangladeshi Brain Cancer - MRI Dataset/Augmented Data/Augmented/512Meningioma/Meningioma_144_2934.jpg,512Meningioma,512Normal,0.3236827850341797,False,0.3236827850341797,512Normal,0.2892820835113525,512Meningioma,0.285265564918518,512Glioma
Stealth Injection,brain_cancer_data/PMRAM Bangladeshi Brain Cancer - MRI Dataset/PMRAM Bangladeshi Brain Cancer - MRI Dataset/Augmented Data/Augmented/512Normal/normal_193_2461.jpg,512Normal,512Normal,0.4352337419986725,True,0.4352337419986725,512Normal,0.3379673361778259,512Meningioma,0.1602410525083542,512Glioma
Stealth Injection,brain_cancer_data/PMRAM Bangladeshi Brain Cancer - MRI Dataset/PMRAM Bangladeshi Brain Cancer - MRI Dataset/Augmented Data/Augmented/512Meningioma/Meningioma_115_5098.jpg,512Meningioma,512Meningioma,0.3149535357952118,True,0.3149535357952118,512Meningioma,0.3100963532924652,512Normal,0.2555535733699798,512Glioma
Stealth Injection,brain_cancer_data/PMRAM Bangladeshi Brain Cancer - MRI Dataset/PMRAM Bangladeshi Brain Cancer - MRI Dataset/Augmented Data/Augmented/512Pituitary/Pituitary_206_1316.jpg,512Pituitary,512Meningioma,0.3027172386646271,False,0.3027172386646271,512Meningioma,0.2736144065856933,512Glioma,0.2237351834774017,512Normal
Stealth Injection,brain_cancer_data/PMRAM Bangladeshi Brain Cancer - MRI Dataset/PMRAM Bangladeshi Brain Cancer - MRI Dataset/Augmented Data/Augmented/512Glioma/glioma_153_8068.jpg,512Glioma,512Glioma,0.4801186323165893,True,0.4801186323165893,512Glioma,0.2194359749555587,512Normal,0.2082204967737198,512Meningioma
Stealth Injection,brain_cancer_data/PMRAM Bangladeshi Brain Cancer - MRI Dataset/PMRAM Bangladeshi Brain Cancer - MRI Dataset/Augmented Data/Augmented/512Glioma/glioma_191_2600.jpg,512Glioma,512Glioma,0.3899441361427307,True,0.3899441361427307,512Glioma,0.260526567697525,512Meningioma,0.2026956379413604,512Normal
Stealth Injection,brain_cancer_data/PMRAM Bangladeshi Brain Cancer - MRI Dataset/PMRAM Bangladeshi Brain Cancer - MRI Dataset/Augmented Data/Augmented/512Pituitary/Pituitary_52_8271.jpg,512Pituitary,512Glioma,0.3169654309749603,False,0.3169654309749603,512Glioma,0.2835840880870819,512Meningioma,0.2393250316381454,512Normal
Stealth Injection,brain_cancer_data/PMRAM Bangladeshi Brain Cancer - MRI Dataset/PMRAM Bangladeshi Brain Cancer - MRI Dataset/Augmented Data/Augmented/512Meningioma/Meningioma_97_4434.jpg,512Meningioma,512Meningioma,0.3742294013500213,True,0.3742294013500213,512Meningioma,0.2837312519550323,512Normal,0.2026250511407852,512Glioma
Stealth Injection,brain_cancer_data/PMRAM Bangladeshi Brain Cancer - MRI Dataset/PMRAM Bangladeshi Brain Cancer - MRI Dataset/Augmented Data/Augmented/512Normal/normal_11_1357.jpg,512Normal,512Normal,0.3780108094215393,True,0.3780108094215393,512Normal,0.3020105361938476,512Glioma,0.2433574199676513,512Meningioma
Stealth Injection,brain_cancer_data/PMRAM Bangladeshi Brain Cancer - MRI Dataset/PMRAM Bangladeshi Brain Cancer - MRI Dataset/Augmented Data/Augmented/512Meningioma/Meningioma_177_44.jpg,512Meningioma,512Meningioma,0.3434961140155792,True,0.3434961140155792,512Meningioma,0.3241513967514038,512Glioma,0.2029245644807815,512Normal
Stealth Injection,brain_cancer_data/PMRAM Bangladeshi Brain Cancer - MRI Dataset/PMRAM Bangladeshi Brain Cancer - MRI Dataset/Augmented Data/Augmented/512Meningioma/Meningioma_106_6402.jpg,512Meningioma,512Meningioma,0.3329862356185913,True,0.3329862356185913,512Meningioma,0.2585165202617645,512Pituitary,0.2301594763994217,512Glioma
Stealth Injection,brain_cancer_data/PMRAM Bangladeshi Brain Cancer - MRI Dataset/PMRAM Bangladeshi Brain Cancer - MRI Dataset/Augmented Data/Augmented/512Meningioma/Meningioma_126_8120.jpg,512Meningioma,512Glioma,0.3494315147399902,False,0.3494315147399902,512Glioma,0.3134567737579345,512Meningioma,0.2051499187946319,512Normal
Stealth Injection,brain_cancer_data/PMRAM Bangladeshi Brain Cancer - MRI Dataset/PMRAM Bangladeshi Brain Cancer - MRI Dataset/Augmented Data/Augmented/512Meningioma/Meningioma_84_3009.jpg,512Meningioma,512Meningioma,0.4847545623779297,True,0.4847545623779297,512Meningioma,0.2228808850049972,512Normal,0.1871224641799926,512Glioma
Stealth Injection,brain_cancer_data/PMRAM Bangladeshi Brain Cancer - MRI Dataset/PMRAM Bangladeshi Brain Cancer - MRI Dataset/Augmented Data/Augmented/512Normal/normal_172_8345.jpg,512Normal,512Glioma,0.3560333251953125,False,0.3560333251953125,512Glioma,0.3156872391700744,512Meningioma,0.2385310232639312,512Normal
Stealth Injection,brain_cancer_data/PMRAM Bangladeshi Brain Cancer - MRI Dataset/PMRAM Bangladeshi Brain Cancer - MRI Dataset/Augmented Data/Augmented/512Normal/normal_311_3024.jpg,512Normal,512Meningioma,0.3451670110225677,False,0.3451670110225677,512Meningioma,0.3239275217056274,512Normal,0.2135130316019058,512Glioma
Stealth Injection,brain_cancer_data/PMRAM Bangladeshi Brain Cancer - MRI Dataset/PMRAM Bangladeshi Brain Cancer - MRI Dataset/Augmented Data/Augmented/512Meningioma/Meningioma_5_6841.jpg,512Meningioma,512Meningioma,0.4601843357086181,True,0.4601843357086181,512Meningioma,0.2284892499446869,512Glioma,0.1798314750194549,512Normal
Stealth Injection,brain_cancer_data/PMRAM Bangladeshi Brain Cancer - MRI Dataset/PMRAM Bangladeshi Brain Cancer - MRI Dataset/Augmented Data/Augmented/512Pituitary/Pituitary_90_7011.jpg,512Pituitary,512Meningioma,0.3356148302555084,False,0.3356148302555084,512Meningioma,0.245167464017868,512Normal,0.2375463396310806,512Glioma
Stealth Injection,brain_cancer_data/PMRAM Bangladeshi Brain Cancer - MRI Dataset/PMRAM Bangladeshi Brain Cancer - MRI Dataset/Augmented Data/Augmented/512Pituitary/Pituitary_55_8980.jpg,512Pituitary,512Glioma,0.3256312310695648,False,0.3256312310695648,512Glioma,0.2705214023590088,512Meningioma,0.2384432256221771,512Normal
Stealth Injection,brain_cancer_data/PMRAM Bangladeshi Brain Cancer - MRI Dataset/PMRAM Bangladeshi Brain Cancer - MRI Dataset/Augmented Data/Augmented/512Meningioma/Meningioma_38_9156.jpg,512Meningioma,512Glioma,0.3247044682502746,False,0.3247044682502746,512Glioma,0.3038405179977417,512Meningioma,0.2604819536209106,512Normal
Stealth Injection,brain_cancer_data/PMRAM Bangladeshi Brain Cancer - MRI Dataset/PMRAM Bangladeshi Brain Cancer - MRI Dataset/Augmented Data/Augmented/512Glioma/glioma_88_4757.jpg,512Glioma,512Glioma,0.3858217597007751,True,0.3858217597007751,512Glioma,0.2636370956897735,512Meningioma,0.2049604505300521,512Normal
Stealth Injection,brain_cancer_data/PMRAM Bangladeshi Brain Cancer - MRI Dataset/PMRAM Bangladeshi Brain Cancer - MRI Dataset/Augmented Data/Augmented/512Meningioma/Meningioma_105_6928.jpg,512Meningioma,512Meningioma,0.3588736355304718,True,0.3588736355304718,512Meningioma,0.3003959059715271,512Normal,0.232601523399353,512Glioma
Stealth Injection,brain_cancer_data/PMRAM Bangladeshi Brain Cancer - MRI Dataset/PMRAM Bangladeshi Brain Cancer - MRI Dataset/Augmented Data/Augmented/512Glioma/glioma_54_2974.jpg,512Glioma,512Glioma,0.5074582099914551,True,0.5074582099914551,512Glioma,0.224710613489151,512Meningioma,0.1801735907793045,512Normal
Stealth Injection,brain_cancer_data/PMRAM Bangladeshi Brain Cancer - MRI Dataset/PMRAM Bangladeshi Brain Cancer - MRI Dataset/Augmented Data/Augmented/512Meningioma/Meningioma_272_7797.jpg,512Meningioma,512Meningioma,0.3600983619689941,True,0.3600983619689941,512Meningioma,0.2559751868247986,512Normal,0.2109930366277694,512Glioma
Stealth Injection,brain_cancer_data/PMRAM Bangladeshi Brain Cancer - MRI Dataset/PMRAM Bangladeshi Brain Cancer - MRI Dataset/Augmented Data/Augmented/512Glioma/glioma_59_2709.jpg,512Glioma,512Meningioma,0.3374742269515991,False,0.3374742269515991,512Meningioma,0.2804126739501953,512Glioma,0.2251684814691543,512Normal
Stealth Injection,brain_cancer_data/PMRAM Bangladeshi Brain Cancer - MRI Dataset/PMRAM Bangladeshi Brain Cancer - MRI Dataset/Augmented Data/Augmented/512Pituitary/Pituitary_230_666.jpg,512Pituitary,512Pituitary,0.3092044591903686,True,0.3092044591903686,512Pituitary,0.2507705390453338,512Meningioma,0.2447791844606399,512Glioma
Stealth Injection,brain_cancer_data/PMRAM Bangladeshi Brain Cancer - MRI Dataset/PMRAM Bangladeshi Brain Cancer - MRI Dataset/Augmented Data/Augmented/512Meningioma/Meningioma_119_1918.jpg,512Meningioma,512Meningioma,0.3210640251636505,True,0.3210640251636505,512Meningioma,0.2861990332603454,512Glioma,0.2147769033908844,512Pituitary
Stealth Injection,brain_cancer_data/PMRAM Bangladeshi Brain Cancer - MRI Dataset/PMRAM Bangladeshi Brain Cancer - MRI Dataset/Augmented Data/Augmented/512Meningioma/Meningioma_159_392.jpg,512Meningioma,512Meningioma,0.4555501639842987,True,0.4555501639842987,512Meningioma,0.2440038323402404,512Normal,0.1570087671279907,512Glioma
Stealth Injection,brain_cancer_data/PMRAM Bangladeshi Brain Cancer - MRI Dataset/PMRAM Bangladeshi Brain Cancer - MRI Dataset/Augmented Data/Augmented/512Meningioma/Meningioma_325_972.jpg,512Meningioma,512Meningioma,0.3942843377590179,True,0.3942843377590179,512Meningioma,0.2546941936016083,512Glioma,0.2240936011075973,512Normal
Stealth Injection,brain_cancer_data/PMRAM Bangladeshi Brain Cancer - MRI Dataset/PMRAM Bangladeshi Brain Cancer - MRI Dataset/Augmented Data/Augmented/512Glioma/glioma_146_9653.jpg,512Glioma,512Glioma,0.4001477360725403,True,0.4001477360725403,512Glioma,0.2535831034183502,512Meningioma,0.2311549037694931,512Normal
Stealth Injection,brain_cancer_data/PMRAM Bangladeshi Brain Cancer - MRI Dataset/PMRAM Bangladeshi Brain Cancer - MRI Dataset/Augmented Data/Augmented/512Pituitary/Pituitary_210_5163.jpg,512Pituitary,512Meningioma,0.3141081929206848,False,0.3141081929206848,512Meningioma,0.292987585067749,512Glioma,0.2338770031929016,512Normal
Stealth Injection,brain_cancer_data/PMRAM Bangladeshi Brain Cancer - MRI Dataset/PMRAM Bangladeshi Brain Cancer - MRI Dataset/Augmented Data/Augmented/512Normal/normal_333_8377.jpg,512Normal,512Normal,0.3154718279838562,True,0.3154718279838562,512Normal,0.2881665825843811,512Meningioma,0.2375065684318542,512Glioma
Stealth Injection,brain_cancer_data/PMRAM Bangladeshi Brain Cancer - MRI Dataset/PMRAM Bangladeshi Brain Cancer - MRI Dataset/Augmented Data/Augmented/512Pituitary/Pituitary_90_4493.jpg,512Pituitary,512Meningioma,0.3416429460048675,False,0.3416429460048675,512Meningioma,0.2632234394550323,512Glioma,0.2350618839263916,512Normal
Stealth Injection,brain_cancer_data/PMRAM Bangladeshi Brain Cancer - MRI Dataset/PMRAM Bangladeshi Brain Cancer - MRI Dataset/Augmented Data/Augmented/512Glioma/glioma_346_7147.jpg,512Glioma,512Glioma,0.2949990928173065,True,0.2949990928173065,512Glioma,0.28559210896492,512Meningioma,0.2427202016115188,512Pituitary
Stealth Injection,brain_cancer_data/PMRAM Bangladeshi Brain Cancer - MRI Dataset/PMRAM Bangladeshi Brain Cancer - MRI Dataset/Augmented Data/Augmented/512Glioma/glioma_203_4451.jpg,512Glioma,512Meningioma,0.3083179593086242,False,0.3083179593086242,512Meningioma,0.2878132462501526,512Glioma,0.2350492775440216,512Normal
Stealth Injection,brain_cancer_data/PMRAM Bangladeshi Brain Cancer - MRI Dataset/PMRAM Bangladeshi Brain Cancer - MRI Dataset/Augmented Data/Augmented/512Normal/normal_146_997.jpg,512Normal,512Meningioma,0.41510871052742,False,0.41510871052742,512Meningioma,0.3153444826602936,512Normal,0.1540860384702682,512Pituitary
